Dataset Name,Image Name,Assay Name,Source Name,Characteristics [Organism],Term Source 1 REF,Term Source 1 Accession,Characteristics [Developmental Stage],Protocol REF,Experimental Condition [Antibody],Term Source 2 REF,Term Source 2 Accession,Comment [Antibody],Comment [Probe],Comment [Gene Identifier],Comment [Gene Symbol],Comment [Image File Path],Comment [Image File Comments],Channels,Processed Data File,Visualisation Method,Expression Pattern Description
HDBR_BMP4_ISH,"10727,1,embryo,CS13,59_2016-03-17 14_01_28.scn",HuDSeN:343,"Embryo 10727, slide 59",Homo sapiens,NCBITaxon,9606,CS13,In situ hybridisation,,NCBITaxon,AH007194.2,,Partial sequence,ENSG00000125378,BMP4,"HDBR_BMP4_ISH/10727,1,embryo,CS13,59_2016-03-17 14_01_28.scn",Original experimental image,Brightfield,,NBT/BCIP,Bone (strong)
HDBR_BMP4_ISH,"10727,1,embryo,CS13,61_2016-03-17 14_00_54.scn",HuDSeN:343,"Embryo 10727, slide 61",Homo sapiens,NCBITaxon,9606,CS13,In situ hybridisation,,NCBITaxon,AH007194.2,,Partial sequence,ENSG00000125378,BMP4,"HDBR_BMP4_ISH/10727,1,embryo,CS13,61_2016-03-17 14_00_54.scn",Original experimental image,Brightfield,,NBT/BCIP,Bone (strong)
HDBR_BMP4_ISH,"10729,1,head,CS19,33_2016-03-17 11_47_27.scn",HuDSeN:343,"Embryo 10729, slide 33",Homo sapiens,NCBITaxon,9606,CS19,In situ hybridisation,,NCBITaxon,AH007194.2,,Partial sequence,ENSG00000125378,BMP4,"HDBR_BMP4_ISH/10729,1,head,CS19,33_2016-03-17 11_47_27.scn",Original experimental image,Brightfield,,NBT/BCIP,Bone (strong)
HDBR_BMP4_ISH,"10729,1,head,CS19,34_2016-03-17 11_46_15.scn",HuDSeN:343,"Embryo 10729, slide 34",Homo sapiens,NCBITaxon,9606,CS19,In situ hybridisation,,NCBITaxon,AH007194.2,,Partial sequence,ENSG00000125378,BMP4,"HDBR_BMP4_ISH/10729,1,head,CS19,34_2016-03-17 11_46_15.scn",Original experimental image,Brightfield,,NBT/BCIP,Bone (strong)
HDBR_BMP4_ISH,"10919,2,hand,CS20,13_2016-03-17 10_35_41.scn",HuDSeN:343,"Embryo 10919, slide 13",Homo sapiens,NCBITaxon,9606,CS20,In situ hybridisation,,NCBITaxon,AH007194.2,,Partial sequence,ENSG00000125378,BMP4,"HDBR_BMP4_ISH/10919,2,hand,CS20,13_2016-03-17 10_35_41.scn",Original experimental image,Brightfield,,NBT/BCIP,Bone (strong)
HDBR_BMP4_ISH,"11237,11,arm,CS20,34_2016-03-17 10_37_17.scn",HuDSeN:343,"Embryo 11237, slide 34",Homo sapiens,NCBITaxon,9606,CS20,In situ hybridisation,,NCBITaxon,AH007194.2,,Partial sequence,ENSG00000125378,BMP4,"HDBR_BMP4_ISH/11237,11,arm,CS20,34_2016-03-17 10_37_17.scn",Original experimental image,Brightfield,,NBT/BCIP,Bone (strong)
HDBR_FGFR3_CS22_ISH_hires,3DView.jpg,HuDSeN:696,3D view,Homo sapiens,NCBITaxon,9606,CS22,In situ hybridisation,,NCBITaxon,NM_000142.4,,nt 2922 - nt 3854,ENSG00000068078,FGFR3,HDBR_FGFR3_CS22_ISH_hires/3DView.jpg,3D view of data mapped into a CS22 model,,"Red = strong expression, yellow = moderate expression, blue = weak expression.",,
HDBR_FGFR3_CS22_ISH_hires,3DView.mpg,HuDSeN:696,3D movie,Homo sapiens,NCBITaxon,9606,CS22,In situ hybridisation,,NCBITaxon,NM_000142.4,,nt 2922 - nt 3854,ENSG00000068078,FGFR3,HDBR_FGFR3_CS22_ISH_hires/3DView.mpg,3D movie of data mapped into a CS22 model,,"Red = strong expression, yellow = moderate expression, blue = weak expression.",,
HDBR_FGFR3_CS22_ISH_hires,ImageCollection_0000001679_2012-10-01 13_54_32.scn,HuDSeN:696,"Embryo N711, slide 175",Homo sapiens,NCBITaxon,9606,CS22,In situ hybridisation,,NCBITaxon,NM_000142.4,,nt 2922 - nt 3854,ENSG00000068078,FGFR3,HDBR_FGFR3_CS22_ISH_hires/ImageCollection_0000001679_2012-10-01 13_54_32.scn,Original experimental image,Brightfield,,NBT/BCIP,Brain (strong)
HDBR_FGFR3_CS22_ISH_hires,ImageCollection_0000001680_2012-10-01 13_55_11.scn,HuDSeN:696,"Embryo N711, slide 153",Homo sapiens,NCBITaxon,9606,CS22,In situ hybridisation,,NCBITaxon,NM_000142.4,,nt 2922 - nt 3854,ENSG00000068078,FGFR3,HDBR_FGFR3_CS22_ISH_hires/ImageCollection_0000001680_2012-10-01 13_55_11.scn,Original experimental image,Brightfield,,NBT/BCIP,Brain (strong)
HDBR_FGFR3_CS22_ISH_hires,ImageCollection_0000001681_2012-10-01 14_02_07.scn,HuDSeN:696,"Embryo N711, slide 125",Homo sapiens,NCBITaxon,9606,CS22,In situ hybridisation,,NCBITaxon,NM_000142.4,,nt 2922 - nt 3854,ENSG00000068078,FGFR3,HDBR_FGFR3_CS22_ISH_hires/ImageCollection_0000001681_2012-10-01 14_02_07.scn,Original experimental image,Brightfield,,NBT/BCIP,Brain (strong)
HDBR_FGFR3_CS22_ISH_hires,ImageCollection_0000001682_2012-10-01 14_02_22.scn,HuDSeN:696,"Embryo N711, slide 110",Homo sapiens,NCBITaxon,9606,CS22,In situ hybridisation,,NCBITaxon,NM_000142.4,,nt 2922 - nt 3854,ENSG00000068078,FGFR3,HDBR_FGFR3_CS22_ISH_hires/ImageCollection_0000001682_2012-10-01 14_02_22.scn,Original experimental image,Brightfield,,NBT/BCIP,Brain (strong)
HDBR_FGFR3_CS22_ISH_hires,ImageCollection_0000001683_2012-10-01 14_10_58.scn,HuDSeN:696,"Embryo N711, slide 45",Homo sapiens,NCBITaxon,9606,CS22,In situ hybridisation,,NCBITaxon,NM_000142.4,,nt 2922 - nt 3854,ENSG00000068078,FGFR3,HDBR_FGFR3_CS22_ISH_hires/ImageCollection_0000001683_2012-10-01 14_10_58.scn,Original experimental image,Brightfield,,NBT/BCIP,Brain (strong)
HDBR_FGFR3_CS22_ISH_hires,ImageCollection_0000001684_2012-10-01 14_15_38.scn,HuDSeN:696,"Embryo N711, slide 91",Homo sapiens,NCBITaxon,9606,CS22,In situ hybridisation,,NCBITaxon,NM_000142.4,,nt 2922 - nt 3854,ENSG00000068078,FGFR3,HDBR_FGFR3_CS22_ISH_hires/ImageCollection_0000001684_2012-10-01 14_15_38.scn,Original experimental image,Brightfield,,NBT/BCIP,Brain (strong)
HDBR_FGFR3_CS22_ISH_hires,ImageCollection_0000001685_2012-10-01 14_26_40.scn,HuDSeN:696,"Embryo N711, slide 28",Homo sapiens,NCBITaxon,9606,CS22,In situ hybridisation,,NCBITaxon,NM_000142.4,,nt 2922 - nt 3854,ENSG00000068078,FGFR3,HDBR_FGFR3_CS22_ISH_hires/ImageCollection_0000001685_2012-10-01 14_26_40.scn,Original experimental image,Brightfield,,NBT/BCIP,Brain (strong)
HDBR_FGFR3_CS22_ISH_hires,ImageCollection_0000001686_2012-10-01 14_27_51.scn,HuDSeN:696,"Embryo N711, slide 73",Homo sapiens,NCBITaxon,9606,CS22,In situ hybridisation,,NCBITaxon,NM_000142.4,,nt 2922 - nt 3854,ENSG00000068078,FGFR3,HDBR_FGFR3_CS22_ISH_hires/ImageCollection_0000001686_2012-10-01 14_27_51.scn,Original experimental image,Brightfield,,NBT/BCIP,Brain (strong)
HDBR_FGFR3_CS22_ISH_hires,ImageCollection_0000001687_2012-10-01 14_50_44.scn,HuDSeN:696,"Embryo N711, slide 10",Homo sapiens,NCBITaxon,9606,CS22,In situ hybridisation,,NCBITaxon,NM_000142.4,,nt 2922 - nt 3854,ENSG00000068078,FGFR3,HDBR_FGFR3_CS22_ISH_hires/ImageCollection_0000001687_2012-10-01 14_50_44.scn,Original experimental image,Brightfield,,NBT/BCIP,Brain (strong)
HDBR_FGFR3_CS23_ISH,3Dview.jpg,HuDSeN:695,3D view,Homo sapiens,NCBITaxon,9606,CS23,In situ hybridisation,,NCBITaxon,NM_000142.4,,nt 2922 - nt 3854,ENSG00000068078,FGFR3,HDBR_FGFR3_CS23_ISH/3Dview.jpg,3D view of data mapped into a CS23 model,,"Red = strong expression, yellow = moderate expression, blue = weak expression, green = possible expression.",,
HDBR_FGFR3_CS23_ISH,3DView.mpg,HuDSeN:695,3D movie,Homo sapiens,NCBITaxon,9606,CS23,In situ hybridisation,,NCBITaxon,NM_000142.4,,nt 2922 - nt 3854,ENSG00000068078,FGFR3,HDBR_FGFR3_CS23_ISH/3DView.mpg,3D movie of data mapped into a CS23 model,,"Red = strong expression, yellow = moderate expression, blue = weak expression, green = possible expression.",,
HDBR_FGFR3_CS23_ISH,N300_446_4.jpg,HuDSeN:695,"Embryo N300, slide 446, section 2",Homo sapiens,NCBITaxon,9606,CS23,In situ hybridisation,,NCBITaxon,NM_000142.4,,nt 2922 - nt 3854,ENSG00000068078,FGFR3,HDBR_FGFR3_CS23_ISH/N300_446_4.jpg,Original experimental image,Brightfield,,NBT/BCIP,Brain (strong)
HDBR_FGFR3_CS23_ISH,N400_139_2.jpg,HuDSeN:695,"Embryo N400, slide 139, section 2",Homo sapiens,NCBITaxon,9606,CS23,In situ hybridisation,,NCBITaxon,NM_000142.4,,nt 2922 - nt 3854,ENSG00000068078,FGFR3,HDBR_FGFR3_CS23_ISH/N400_139_2.jpg,Original experimental image,Brightfield,,NBT/BCIP,Brain (strong)
HDBR_FGFR3_CS23_ISH,N400_156_4.jpg,HuDSeN:695,"Embryo N400, slide 156, section 4",Homo sapiens,NCBITaxon,9606,CS23,In situ hybridisation,,NCBITaxon,NM_000142.4,,nt 2922 - nt 3854,ENSG00000068078,FGFR3,HDBR_FGFR3_CS23_ISH/N400_156_4.jpg,Original experimental image,Brightfield,,NBT/BCIP,Brain (strong)
HDBR_FGFR3_CS23_ISH,N400_174_1.jpg,HuDSeN:695,"Embryo N400, slide 174, section 1",Homo sapiens,NCBITaxon,9606,CS23,In situ hybridisation,,NCBITaxon,NM_000142.4,,nt 2922 - nt 3854,ENSG00000068078,FGFR3,HDBR_FGFR3_CS23_ISH/N400_174_1.jpg,Original experimental image,Brightfield,,NBT/BCIP,Brain (strong)
HDBR_FGFR3_CS23_ISH,N400_190_2.jpg,HuDSeN:695,"Embryo N400, slide 190, section 2",Homo sapiens,NCBITaxon,9606,CS23,In situ hybridisation,,NCBITaxon,NM_000142.4,,nt 2922 - nt 3854,ENSG00000068078,FGFR3,HDBR_FGFR3_CS23_ISH/N400_190_2.jpg,Original experimental image,Brightfield,,NBT/BCIP,Brain (strong)
HDBR_FGFR3_CS23_ISH,N400_222_1.jpg,HuDSeN:695,"Embryo N400, slide 222, section 1",Homo sapiens,NCBITaxon,9606,CS23,In situ hybridisation,,NCBITaxon,NM_000142.4,,nt 2922 - nt 3854,ENSG00000068078,FGFR3,HDBR_FGFR3_CS23_ISH/N400_222_1.jpg,Original experimental image,Brightfield,,NBT/BCIP,Brain (strong)
HDBR_FGFR3_CS23_ISH,N400_266_3.jpg,HuDSeN:695,"Embryo N400, slide 266, section 3",Homo sapiens,NCBITaxon,9606,CS23,In situ hybridisation,,NCBITaxon,NM_000142.4,,nt 2922 - nt 3854,ENSG00000068078,FGFR3,HDBR_FGFR3_CS23_ISH/N400_266_3.jpg,Original experimental image,Brightfield,,NBT/BCIP,Brain (strong)
HDBR_FGFR3_CS23_ISH,N400_281_2.jpg,HuDSeN:695,"Embryo N400, slide 281, section 2",Homo sapiens,NCBITaxon,9606,CS23,In situ hybridisation,,NCBITaxon,NM_000142.4,,nt 2922 - nt 3854,ENSG00000068078,FGFR3,HDBR_FGFR3_CS23_ISH/N400_281_2.jpg,Original experimental image,Brightfield,,NBT/BCIP,Brain (strong)
HDBR_FGFR3_CS23_ISH,N400_285_1.jpg,HuDSeN:695,"Embryo N400, slide 285, section 1",Homo sapiens,NCBITaxon,9606,CS23,In situ hybridisation,,NCBITaxon,NM_000142.4,,nt 2922 - nt 3854,ENSG00000068078,FGFR3,HDBR_FGFR3_CS23_ISH/N400_285_1.jpg,Original experimental image,Brightfield,,NBT/BCIP,Brain (strong)
HDBR_FGFR3_CS23_ISH,N400_403_1.jpg,HuDSeN:695,"Embryo N400, slide 403, section 1",Homo sapiens,NCBITaxon,9606,CS23,In situ hybridisation,,NCBITaxon,NM_000142.4,,nt 2922 - nt 3854,ENSG00000068078,FGFR3,HDBR_FGFR3_CS23_ISH/N400_403_1.jpg,Original experimental image,Brightfield,,NBT/BCIP,Brain (strong)
HDBR_FGFR3_CS23_ISH,N400_414_4.jpg,HuDSeN:695,"Embryo N400, slide 414, section 4",Homo sapiens,NCBITaxon,9606,CS23,In situ hybridisation,,NCBITaxon,NM_000142.4,,nt 2922 - nt 3854,ENSG00000068078,FGFR3,HDBR_FGFR3_CS23_ISH/N400_414_4.jpg,Original experimental image,Brightfield,,NBT/BCIP,Brain (strong)
HDBR_FGFR3_CS23_ISH,N400_490_1.jpg,HuDSeN:695,"Embryo N400, slide 490, section 1",Homo sapiens,NCBITaxon,9606,CS23,In situ hybridisation,,NCBITaxon,NM_000142.4,,nt 2922 - nt 3854,ENSG00000068078,FGFR3,HDBR_FGFR3_CS23_ISH/N400_490_1.jpg,Original experimental image,Brightfield,,NBT/BCIP,Brain (strong)
HDBR_FGFR3_CS23_ISH,N400_523_3.jpg,HuDSeN:695,"Embryo N400, slide 523, section 3",Homo sapiens,NCBITaxon,9606,CS23,In situ hybridisation,,NCBITaxon,NM_000142.4,,nt 2922 - nt 3854,ENSG00000068078,FGFR3,HDBR_FGFR3_CS23_ISH/N400_523_3.jpg,Original experimental image,Brightfield,,NBT/BCIP,Brain (strong)
HDBR_FGFR3_CS23_ISH_sagittal,3DView.jpg,HuDSeN:693,3D view,Homo sapiens,NCBITaxon,9606,CS23,In situ hybridisation,,NCBITaxon,NM_000142.4,,nt 2922 - nt 3854,ENSG00000068078,FGFR3,HDBR_FGFR3_CS23_ISH_sagittal/3DView.jpg,3D view of data mapped into a CS23 model,,"Red = strong expression, yellow = moderate expression, blue = weak expression.",,
HDBR_FGFR3_CS23_ISH_sagittal,3DView.mpg,HuDSeN:693,3D movie,Homo sapiens,NCBITaxon,9606,CS23,In situ hybridisation,,NCBITaxon,NM_000142.4,,nt 2922 - nt 3854,ENSG00000068078,FGFR3,HDBR_FGFR3_CS23_ISH_sagittal/3DView.mpg,3D movie of data mapped into a CS23 model,,"Red = strong expression, yellow = moderate expression, blue = weak expression.",,
HDBR_FGFR3_CS23_ISH_sagittal,N694_080_1.jpg,HuDSeN:693,"Embryo N694, slide 80, section 1",Homo sapiens,NCBITaxon,9606,CS23,In situ hybridisation,,NCBITaxon,NM_000142.4,,nt 2922 - nt 3854,ENSG00000068078,FGFR3,HDBR_FGFR3_CS23_ISH_sagittal/N694_080_1.jpg,Original experimental image,Brightfield,,NBT/BCIP,Brain (strong)
HDBR_FGFR3_CS23_ISH_sagittal,N694_092_1.jpg,HuDSeN:693,"Embryo N694, slide 92, section 1",Homo sapiens,NCBITaxon,9606,CS23,In situ hybridisation,,NCBITaxon,NM_000142.4,,nt 2922 - nt 3854,ENSG00000068078,FGFR3,HDBR_FGFR3_CS23_ISH_sagittal/N694_092_1.jpg,Original experimental image,Brightfield,,NBT/BCIP,Brain (strong)
HDBR_FGFR3_CS23_ISH_sagittal,N694_092_2.jpg,HuDSeN:693,"Embryo N694, slide 92, section 2",Homo sapiens,NCBITaxon,9606,CS23,In situ hybridisation,,NCBITaxon,NM_000142.4,,nt 2922 - nt 3854,ENSG00000068078,FGFR3,HDBR_FGFR3_CS23_ISH_sagittal/N694_092_2.jpg,Original experimental image,Brightfield,,NBT/BCIP,Brain (strong)
HDBR_FGFR3_CS23_ISH_sagittal,N694_092_3.jpg,HuDSeN:693,"Embryo N694, slide 92, section 3",Homo sapiens,NCBITaxon,9606,CS23,In situ hybridisation,,NCBITaxon,NM_000142.4,,nt 2922 - nt 3854,ENSG00000068078,FGFR3,HDBR_FGFR3_CS23_ISH_sagittal/N694_092_3.jpg,Original experimental image,Brightfield,,NBT/BCIP,Brain (strong)
HDBR_FGFR3_CS23_ISH_sagittal,N694_130_3.jpg,HuDSeN:693,"Embryo N694, slide 30, section 3",Homo sapiens,NCBITaxon,9606,CS23,In situ hybridisation,,NCBITaxon,NM_000142.4,,nt 2922 - nt 3854,ENSG00000068078,FGFR3,HDBR_FGFR3_CS23_ISH_sagittal/N694_130_3.jpg,Original experimental image,Brightfield,,NBT/BCIP,Brain (strong)
HDBR_FGFR3_CS23_ISH_sagittal,N694_142_2.jpg,HuDSeN:693,"Embryo N694, slide 42, section 2",Homo sapiens,NCBITaxon,9606,CS23,In situ hybridisation,,NCBITaxon,NM_000142.4,,nt 2922 - nt 3854,ENSG00000068078,FGFR3,HDBR_FGFR3_CS23_ISH_sagittal/N694_142_2.jpg,Original experimental image,Brightfield,,NBT/BCIP,Brain (strong)
HDBR_FGFR3_CS23_ISH_sagittal,N694_142_3.jpg,HuDSeN:693,"Embryo N694, slide 42, section 3",Homo sapiens,NCBITaxon,9606,CS23,In situ hybridisation,,NCBITaxon,NM_000142.4,,nt 2922 - nt 3854,ENSG00000068078,FGFR3,HDBR_FGFR3_CS23_ISH_sagittal/N694_142_3.jpg,Original experimental image,Brightfield,,NBT/BCIP,Brain (strong)
HDBR_FGFR3_CS23_ISH_sagittal,N694_142_4.jpg,HuDSeN:693,"Embryo N694, slide 42, section 4",Homo sapiens,NCBITaxon,9606,CS23,In situ hybridisation,,NCBITaxon,NM_000142.4,,nt 2922 - nt 3854,ENSG00000068078,FGFR3,HDBR_FGFR3_CS23_ISH_sagittal/N694_142_4.jpg,Original experimental image,Brightfield,,NBT/BCIP,Brain (strong)
HDBR_FGFR3_CS23_ISH_sagittal,N694_155_3.jpg,HuDSeN:693,"Embryo N694, slide 55, section 3",Homo sapiens,NCBITaxon,9606,CS23,In situ hybridisation,,NCBITaxon,NM_000142.4,,nt 2922 - nt 3854,ENSG00000068078,FGFR3,HDBR_FGFR3_CS23_ISH_sagittal/N694_155_3.jpg,Original experimental image,Brightfield,,NBT/BCIP,Brain (strong)
HDBR_FGFR3_CS23_ISH_sagittal,N694_165_1.jpg,HuDSeN:693,"Embryo N694, slide 65, section 1",Homo sapiens,NCBITaxon,9606,CS23,In situ hybridisation,,NCBITaxon,NM_000142.4,,nt 2922 - nt 3854,ENSG00000068078,FGFR3,HDBR_FGFR3_CS23_ISH_sagittal/N694_165_1.jpg,Original experimental image,Brightfield,,NBT/BCIP,Brain (strong)
HDBR_FGFR3_CS23_ISH_sagittal,N694_165_2.jpg,HuDSeN:693,"Embryo N694, slide 65, section 2",Homo sapiens,NCBITaxon,9606,CS23,In situ hybridisation,,NCBITaxon,NM_000142.4,,nt 2922 - nt 3854,ENSG00000068078,FGFR3,HDBR_FGFR3_CS23_ISH_sagittal/N694_165_2.jpg,Original experimental image,Brightfield,,NBT/BCIP,Brain (strong)
HDBR_FGFR3_CS23_ISH_sagittal,N694_165_3.jpg,HuDSeN:693,"Embryo N694, slide 65, section 3",Homo sapiens,NCBITaxon,9606,CS23,In situ hybridisation,,NCBITaxon,NM_000142.4,,nt 2922 - nt 3854,ENSG00000068078,FGFR3,HDBR_FGFR3_CS23_ISH_sagittal/N694_165_3.jpg,Original experimental image,Brightfield,,NBT/BCIP,Brain (strong)
HDBR_FGFR3_CS23_ISH_sagittal,N694_165_4.jpg,HuDSeN:693,"Embryo N694, slide 65, section 4",Homo sapiens,NCBITaxon,9606,CS23,In situ hybridisation,,NCBITaxon,NM_000142.4,,nt 2922 - nt 3854,ENSG00000068078,FGFR3,HDBR_FGFR3_CS23_ISH_sagittal/N694_165_4.jpg,Original experimental image,Brightfield,,NBT/BCIP,Brain (strong)
HDBR_NEUROG2_ISH,"268,1,head,9pcw,16_2014-10-06 10_28_01.scn",HuDSeN:631,"Fetus 268, slide 16",Homo sapiens,NCBITaxon,9606,9PCW,In situ hybridisation,,NCBITaxon,NM_024019,,nt 1012 - nt 1881,ENSG00000178403,NEUROG2,"HDBR_NEUROG2_ISH/268,1,head,9pcw,16_2014-10-06 10_28_01.scn",Original experimental image,Brightfield,,NBT/BCIP,Brain (strong)
HDBR_NEUROG2_ISH,"701,1,head,CS23,215_2014-10-06 10_39_31.scn",HuDSeN:631,"Embryo N701, slide 215",Homo sapiens,NCBITaxon,9606,CS23,In situ hybridisation,,NCBITaxon,NM_024019,,nt 1012 - nt 1881,ENSG00000178403,NEUROG2,"HDBR_NEUROG2_ISH/701,1,head,CS23,215_2014-10-06 10_39_31.scn",Original experimental image,Brightfield,,NBT/BCIP,Brain (strong)
HDBR_NEUROG2_ISH,"834,1,head,9pcw,29_2014-10-06 10_28_01.scn",HuDSeN:631,"Fetus 834, slide 29",Homo sapiens,NCBITaxon,9606,9PCW,In situ hybridisation,,NCBITaxon,NM_024019,,nt 1012 - nt 1881,ENSG00000178403,NEUROG2,"HDBR_NEUROG2_ISH/834,1,head,9pcw,29_2014-10-06 10_28_01.scn",Original experimental image,Brightfield,,NBT/BCIP,Brain (strong)
HDBR_NEUROG2_ISH,ImageCollection_0000001779_2012-10-03 16_22_41.scn,HuDSeN:631,"Embryo N711, slide 69",Homo sapiens,NCBITaxon,9606,CS22,In situ hybridisation,,NCBITaxon,NM_024019,,nt 1012 - nt 1881,ENSG00000178403,NEUROG2,HDBR_NEUROG2_ISH/ImageCollection_0000001779_2012-10-03 16_22_41.scn,Original experimental image,Brightfield,,NBT/BCIP,Brain (strong)
HDBR_OTX2_ISH,"10703,1,head,CS17,36_2016-03-17 15_42_11.scn",HuDSeN:381,"Embryo 10703, slide 36",Homo sapiens,NCBITaxon,9606,CS17,In situ hybridisation,,NCBITaxon,NM_021728.4,,nt 660 - nt 1706,ENSG00000165588,OTX2,"HDBR_OTX2_ISH/10703,1,head,CS17,36_2016-03-17 15_42_11.scn",Original experimental image,Brightfield,,NBT/BCIP,Brain (strong)
HDBR_OTX2_ISH,"10711,2,head,CS14,11_2016-03-17 15_42_11.scn",HuDSeN:381,"Embryo 10711, slide 11",Homo sapiens,NCBITaxon,9606,CS14,In situ hybridisation,,NCBITaxon,NM_021728.4,,nt 660 - nt 1706,ENSG00000165588,OTX2,"HDBR_OTX2_ISH/10711,2,head,CS14,11_2016-03-17 15_42_11.scn",Original experimental image,Brightfield,,NBT/BCIP,Brain (strong)
HDBR_OTX2_ISH,"10711,2,head,CS14,6_2016-03-17 15_42_52.scn",HuDSeN:381,"Embryo 10711, slide 6",Homo sapiens,NCBITaxon,9606,CS14,In situ hybridisation,,NCBITaxon,NM_021728.4,,nt 660 - nt 1706,ENSG00000165588,OTX2,"HDBR_OTX2_ISH/10711,2,head,CS14,6_2016-03-17 15_42_52.scn",Original experimental image,Brightfield,,NBT/BCIP,Brain (strong)
HDBR_OTX2_ISH,"10721,1,head,CS22,102_2016-03-17 15_43_14.scn",HuDSeN:381,"Embryo 10721, slide 102",Homo sapiens,NCBITaxon,9606,CS22,In situ hybridisation,,NCBITaxon,NM_021728.4,,nt 660 - nt 1706,ENSG00000165588,OTX2,"HDBR_OTX2_ISH/10721,1,head,CS22,102_2016-03-17 15_43_14.scn",Original experimental image,Brightfield,,NBT/BCIP,Brain (strong)
HDBR_OTX2_ISH,"10721,1,head,CS22,74_2016-03-17 15_35_13.scn",HuDSeN:381,"Embryo 10721, slide 74",Homo sapiens,NCBITaxon,9606,CS22,In situ hybridisation,,NCBITaxon,NM_021728.4,,nt 660 - nt 1706,ENSG00000165588,OTX2,"HDBR_OTX2_ISH/10721,1,head,CS22,74_2016-03-17 15_35_13.scn",Original experimental image,Brightfield,,NBT/BCIP,Brain (strong)
HDBR_OTX2_ISH,"10725,1,head,CS16,23_2016-03-17 15_35_29.scn",HuDSeN:381,"Embryo 10725, slide 23",Homo sapiens,NCBITaxon,9606,CS16,In situ hybridisation,,NCBITaxon,NM_021728.4,,nt 660 - nt 1706,ENSG00000165588,OTX2,"HDBR_OTX2_ISH/10725,1,head,CS16,23_2016-03-17 15_35_29.scn",Original experimental image,Brightfield,,NBT/BCIP,Brain (strong)
HDBR_OTX2_ISH,"10750,1,head,CS16,18_2016-03-17 15_36_31.scn",HuDSeN:381,"Embryo 10750, slide 18",Homo sapiens,NCBITaxon,9606,CS16,In situ hybridisation,,NCBITaxon,NM_021728.4,,nt 660 - nt 1706,ENSG00000165588,OTX2,"HDBR_OTX2_ISH/10750,1,head,CS16,18_2016-03-17 15_36_31.scn",Original experimental image,Brightfield,,NBT/BCIP,Brain (strong)
HDBR_OTX2_ISH,"10761,1,head,CS18,16_2016-03-17 15_36_38.scn",HuDSeN:381,"Embryo 10761, slide 16",Homo sapiens,NCBITaxon,9606,CS18,In situ hybridisation,,NCBITaxon,NM_021728.4,,nt 660 - nt 1706,ENSG00000165588,OTX2,"HDBR_OTX2_ISH/10761,1,head,CS18,16_2016-03-17 15_36_38.scn",Original experimental image,Brightfield,,NBT/BCIP,Brain (strong)
HDBR_OTX2_ISH,"392,1,head,9pcw,151_2016-03-17 15_29_47.scn",HuDSeN:381,"Embryo 392, slide 151",Homo sapiens,NCBITaxon,9606,9pcw,In situ hybridisation,,NCBITaxon,NM_021728.4,,nt 660 - nt 1706,ENSG00000165588,OTX2,"HDBR_OTX2_ISH/392,1,head,9pcw,151_2016-03-17 15_29_47.scn",Original experimental image,Brightfield,,NBT/BCIP,Brain (strong)
HDBR_PAX1_IHC,"12063,1,embryo,CS19,97_2016-07-22 10_32_24.scn",HuDSeN:1212,"Embryo 12063, slide 97",Homo sapiens,NCBITaxon,9606,CS19,Immunohistochemistry,PAX1,NCBITaxon,NM_001257096,Sigma MABE1115,,ENSG00000125813,PAX1,"HDBR_PAX1_IHC/12063,1,embryo,CS19,97_2016-07-22 10_32_24.scn",Original experimental image,Brightfield,,DAB,Bone (strong)
HDBR_PAX1_IHC,"12063,1,embryo,CS19,99_2016-07-22 16_13_23.scn",HuDSeN:1212,"Embryo 12063, slide 99",Homo sapiens,NCBITaxon,9606,CS19,Immunohistochemistry,PAX1,NCBITaxon,NM_001257096,Sigma MABE1115,,ENSG00000125813,PAX1,"HDBR_PAX1_IHC/12063,1,embryo,CS19,99_2016-07-22 16_13_23.scn",Original experimental image,Brightfield,,DAB,Bone (strong)
HDBR_PAX1_IHC,"1573,2,body,CS21,099_2016-07-22 10_13_35.scn",HuDSeN:1212,"Embryo 1573, slide 99",Homo sapiens,NCBITaxon,9606,CS21,Immunohistochemistry,PAX1,NCBITaxon,NM_001257096,Sigma MABE1115,,ENSG00000125813,PAX1,"HDBR_PAX1_IHC/1573,2,body,CS21,099_2016-07-22 10_13_35.scn",Original experimental image,Brightfield,,DAB,Bone (strong)
HDBR_PAX1_IHC,"1573,2,body,CS21,101_2016-07-22 16_05_26.scn",HuDSeN:1212,"Embryo 1573, slide 101",Homo sapiens,NCBITaxon,9606,CS21,Immunohistochemistry,PAX1,NCBITaxon,NM_001257096,Sigma MABE1115,,ENSG00000125813,PAX1,"HDBR_PAX1_IHC/1573,2,body,CS21,101_2016-07-22 16_05_26.scn",Original experimental image,Brightfield,,DAB,Bone (strong)
HDBR_PAX1_IHC,"745,2,body,CS22,070_2016-07-22 16_12_27.scn",HuDSeN:1212,"Embryo 745, slide 70",Homo sapiens,NCBITaxon,9606,CS22,Immunohistochemistry,PAX1,NCBITaxon,NM_001257096,Sigma MABE1115,,ENSG00000125813,PAX1,"HDBR_PAX1_IHC/745,2,body,CS22,070_2016-07-22 16_12_27.scn",Original experimental image,Brightfield,,DAB,Bone (strong)
HDBR_PAX1_IHC,"745,2,body,CS22,074_2016-07-22 16_12_17.scn",HuDSeN:1212,"Embryo 745, slide 74",Homo sapiens,NCBITaxon,9606,CS22,Immunohistochemistry,PAX1,NCBITaxon,NM_001257096,Sigma MABE1115,,ENSG00000125813,PAX1,"HDBR_PAX1_IHC/745,2,body,CS22,074_2016-07-22 16_12_17.scn",Original experimental image,Brightfield,,DAB,Bone (strong)
HDBR_PAX9_IHC,"12063,1,embryo,CS19,101_2016-07-22 16_13_13.scn",HuDSeN:1213,"Embryo 12063, slide 101",Homo sapiens,NCBITaxon,9606,CS19,Immunohistochemistry,PAX9,NCBITaxon,NM_001372076,In house antibody,,ENSG00000198807,PAX9,"HDBR_PAX9_IHC/12063,1,embryo,CS19,101_2016-07-22 16_13_13.scn",Original experimental image,Brightfield,,DAB,Bone (strong)
HDBR_PAX9_IHC,"12063,1,embryo,CS19,98_2016-07-22 16_05_47.scn",HuDSeN:1213,"Embryo 12063, slide 98",Homo sapiens,NCBITaxon,9606,CS19,Immunohistochemistry,PAX9,NCBITaxon,NM_001372076,In house antibody,,ENSG00000198807,PAX9,"HDBR_PAX9_IHC/12063,1,embryo,CS19,98_2016-07-22 16_05_47.scn",Original experimental image,Brightfield,,DAB,Bone (strong)
HDBR_PAX9_IHC,"1573,2,body,CS21,100_2016-07-22 10_19_53.scn",HuDSeN:1213,"Embryo 1573, slide 100",Homo sapiens,NCBITaxon,9606,CS21,Immunohistochemistry,PAX9,NCBITaxon,NM_001372076,In house antibody,,ENSG00000198807,PAX9,"HDBR_PAX9_IHC/1573,2,body,CS21,100_2016-07-22 10_19_53.scn",Original experimental image,Brightfield,,DAB,Bone (strong)
HDBR_PAX9_IHC,"745,2,body,CS22,072_2016-07-22 16_11_12.scn",HuDSeN:1213,"Embryo 745, slide 72",Homo sapiens,NCBITaxon,9606,CS22,Immunohistochemistry,PAX9,NCBITaxon,NM_001372076,In house antibody,,ENSG00000198807,PAX9,"HDBR_PAX9_IHC/745,2,body,CS22,072_2016-07-22 16_11_12.scn",Original experimental image,Brightfield,,DAB,Bone (strong)
HDBR_PAX9_IHC,"745,2,body,CS22,077_2016-07-22 16_10_08.scn",HuDSeN:1213,"Embryo 745, slide 77",Homo sapiens,NCBITaxon,9606,CS22,Immunohistochemistry,PAX9,NCBITaxon,NM_001372076,In house antibody,,ENSG00000198807,PAX9,"HDBR_PAX9_IHC/745,2,body,CS22,077_2016-07-22 16_10_08.scn",Original experimental image,Brightfield,,DAB,Bone (strong)
HDBR_RAB3GAP1_ISH,ImageCollection_0000001667_2012-10-01 11_02_37.scn,HuDSeN:498,"Embryo N518, slide 44",Homo sapiens,NCBITaxon,9606,CS14,In situ hybridisation,,NCBITaxon,NM_012233,,nt 2867 - nt 3656,ENSG00000115839,RAB3GAP1,HDBR_RAB3GAP1_ISH/ImageCollection_0000001667_2012-10-01 11_02_37.scn,Original experimental image,Brightfield,,NBT/BCIP,Spinal cord (strong)
HDBR_RAB3GAP1_ISH,ImageCollection_0000001672_2012-10-01 11_36_42.scn,HuDSeN:498,"Embryo N518, slide 49",Homo sapiens,NCBITaxon,9606,CS14,In situ hybridisation,,NCBITaxon,NM_012233,,nt 2867 - nt 3656,ENSG00000115839,RAB3GAP1,HDBR_RAB3GAP1_ISH/ImageCollection_0000001672_2012-10-01 11_36_42.scn,Original experimental image,Brightfield,,NBT/BCIP,Spinal cord (strong)
HDBR_RAB3GAP1_ISH,ImageCollection_0000001675_2012-10-01 11_38_35.scn,HuDSeN:499,"Embryo N598, slide 155",Homo sapiens,NCBITaxon,9606,CS19,In situ hybridisation,,NCBITaxon,NM_012233,,nt 2867 - nt 3656,ENSG00000115839,RAB3GAP1,HDBR_RAB3GAP1_ISH/ImageCollection_0000001675_2012-10-01 11_38_35.scn,Original experimental image,Brightfield,,NBT/BCIP,"Brain, eye (strong)"
HDBR_RAB3GAP1_ISH,ImageCollection_0000001677_2012-10-01 11_39_59.scn,HuDSeN:499,"Embryo N598, slide 157",Homo sapiens,NCBITaxon,9606,CS19,In situ hybridisation,,NCBITaxon,NM_012233,,nt 2867 - nt 3656,ENSG00000115839,RAB3GAP1,HDBR_RAB3GAP1_ISH/ImageCollection_0000001677_2012-10-01 11_39_59.scn,Original experimental image,Brightfield,,NBT/BCIP,"Brain, eye (strong)"
HDBR_RAB3GAP1_ISH,ImageCollection_0000001678_2012-10-01 11_51_23.scn,HuDSeN:499,"Embryo N598, slide 151",Homo sapiens,NCBITaxon,9606,CS19,In situ hybridisation,,NCBITaxon,NM_012233,,nt 2867 - nt 3656,ENSG00000115839,RAB3GAP1,HDBR_RAB3GAP1_ISH/ImageCollection_0000001678_2012-10-01 11_51_23.scn,Original experimental image,Brightfield,,NBT/BCIP,"Brain, eye (strong)"
HDBR_SOX9_ISH,"10727,1,EMBRYO,CS14,103_2018-11-09 12_50_53.scn",HuDSeN:721,"Embryo 10727, slide 103",Homo sapiens,NCBITaxon,9606,CS14,In situ hybridisation,,NCBITaxon,NM_000346,,nt 758 - nt 1275,ENSG00000125398,SOX9,"HDBR_SOX9_ISH/10727,1,EMBRYO,CS14,103_2018-11-09 12_50_53.scn",Original experimental image,Brightfield,,NBT/BCIP,"Neural tissue, bone (strong)"
HDBR_SOX9_ISH,"10727,1,EMBRYO,CS14,112_2018-11-09 12_56_01.scn",HuDSeN:721,"Embryo 10727, slide 112",Homo sapiens,NCBITaxon,9606,CS14,In situ hybridisation,,NCBITaxon,NM_000346,,nt 758 - nt 1275,ENSG00000125398,SOX9,"HDBR_SOX9_ISH/10727,1,EMBRYO,CS14,112_2018-11-09 12_56_01.scn",Original experimental image,Brightfield,,NBT/BCIP,"Neural tissue, bone (strong)"
HDBR_SOX9_ISH,"10762,2,EMBRYO,CS16,142_2018-11-09 13_41_49.scn",HuDSeN:723,"Embryo 10762, slide 142",Homo sapiens,NCBITaxon,9606,CS16,In situ hybridisation,,NCBITaxon,NM_000346,,nt 758 - nt 1275,ENSG00000125398,SOX9,"HDBR_SOX9_ISH/10762,2,EMBRYO,CS16,142_2018-11-09 13_41_49.scn",Original experimental image,Brightfield,,NBT/BCIP,"Neural tissue, bone (strong)"
HDBR_SOX9_ISH,"10762,2,EMBRYO,CS16,146_2018-11-09 13_43_34.scn",HuDSeN:723,"Embryo 10762, slide 146",Homo sapiens,NCBITaxon,9606,CS16,In situ hybridisation,,NCBITaxon,NM_000346,,nt 758 - nt 1275,ENSG00000125398,SOX9,"HDBR_SOX9_ISH/10762,2,EMBRYO,CS16,146_2018-11-09 13_43_34.scn",Original experimental image,Brightfield,,NBT/BCIP,"Neural tissue, bone (strong)"
HDBR_SOX9_ISH,"10762,2,EMBRYO,CS16,148_2018-11-09 13_47_32.scn",HuDSeN:723,"Embryo 10762, slide 148",Homo sapiens,NCBITaxon,9606,CS16,In situ hybridisation,,NCBITaxon,NM_000346,,nt 758 - nt 1275,ENSG00000125398,SOX9,"HDBR_SOX9_ISH/10762,2,EMBRYO,CS16,148_2018-11-09 13_47_32.scn",Original experimental image,Brightfield,,NBT/BCIP,"Neural tissue, bone (strong)"
HDBR_SOX9_ISH,"10768,1,EMBRYO,CS15,28_2018-11-09 13_48_13.scn",HuDSeN:723,"Embryo 10768, slide, 28",Homo sapiens,NCBITaxon,9606,CS15,In situ hybridisation,,NCBITaxon,NM_000346,,nt 758 - nt 1275,ENSG00000125398,SOX9,"HDBR_SOX9_ISH/10768,1,EMBRYO,CS15,28_2018-11-09 13_48_13.scn",Original experimental image,Brightfield,,NBT/BCIP,"Neural tissue, bone (strong)"
HDBR_SOX9_ISH,"10768,1,EMBRYO,CS15,42_2018-11-09 14_00_29.scn",HuDSeN:723,"Embryo 10768, slide, 42",Homo sapiens,NCBITaxon,9606,CS15,In situ hybridisation,,NCBITaxon,NM_000346,,nt 758 - nt 1275,ENSG00000125398,SOX9,"HDBR_SOX9_ISH/10768,1,EMBRYO,CS15,42_2018-11-09 14_00_29.scn",Original experimental image,Brightfield,,NBT/BCIP,"Neural tissue, bone (strong)"
HDBR_SOX9_ISH,"10768,1,EMBRYO,CS15,47_2018-11-09 13_59_16.scn",HuDSeN:723,"Embryo 10768, slide 47",Homo sapiens,NCBITaxon,9606,CS15,In situ hybridisation,,NCBITaxon,NM_000346,,nt 758 - nt 1275,ENSG00000125398,SOX9,"HDBR_SOX9_ISH/10768,1,EMBRYO,CS15,47_2018-11-09 13_59_16.scn",Original experimental image,Brightfield,,NBT/BCIP,"Neural tissue, bone (strong)"
HDBR_SOX9_ISH,"10794,1,EMBRYO,CS20,26_2018-11-09 12_58_26.scn",HuDSeN:726,"Embryo 10794, slide 26",Homo sapiens,NCBITaxon,9606,CS20,In situ hybridisation,,NCBITaxon,NM_000346,,nt 758 - nt 1275,ENSG00000125398,SOX9,"HDBR_SOX9_ISH/10794,1,EMBRYO,CS20,26_2018-11-09 12_58_26.scn",Original experimental image,Brightfield,,NBT/BCIP,"Neural tissue, bone (strong)"
HDBR_SOX9_ISH,"10794,1,EMBRYO,CS20,28_2018-11-09 12_59_19.scn",HuDSeN:726,"Embryo 10794, slide 28",Homo sapiens,NCBITaxon,9606,CS20,In situ hybridisation,,NCBITaxon,NM_000346,,nt 758 - nt 1275,ENSG00000125398,SOX9,"HDBR_SOX9_ISH/10794,1,EMBRYO,CS20,28_2018-11-09 12_59_19.scn",Original experimental image,Brightfield,,NBT/BCIP,"Neural tissue, bone (strong)"
HDBR_SOX9_ISH,"10794,1,EMBRYO,CS20,32_2018-11-09 13_00_55.scn",HuDSeN:726,"Embryo 10794, slide 32",Homo sapiens,NCBITaxon,9606,CS20,In situ hybridisation,,NCBITaxon,NM_000346,,nt 758 - nt 1275,ENSG00000125398,SOX9,"HDBR_SOX9_ISH/10794,1,EMBRYO,CS20,32_2018-11-09 13_00_55.scn",Original experimental image,Brightfield,,NBT/BCIP,"Neural tissue, bone (strong)"
HDBR_SOX9_ISH,"10794,1,EMBRYO,CS20,42_2018-11-09 13_02_32.scn",HuDSeN:726,"Embryo 10794, slide 42",Homo sapiens,NCBITaxon,9606,CS20,In situ hybridisation,,NCBITaxon,NM_000346,,nt 758 - nt 1275,ENSG00000125398,SOX9,"HDBR_SOX9_ISH/10794,1,EMBRYO,CS20,42_2018-11-09 13_02_32.scn",Original experimental image,Brightfield,,NBT/BCIP,"Neural tissue, bone (strong)"
HDBR_SOX9_ISH,"10794,1,EMBRYO,CS20,50_2018-11-09 12_49_20.scn",HuDSeN:726,"Embryo 10794, slide 50",Homo sapiens,NCBITaxon,9606,CS20,In situ hybridisation,,NCBITaxon,NM_000346,,nt 758 - nt 1275,ENSG00000125398,SOX9,"HDBR_SOX9_ISH/10794,1,EMBRYO,CS20,50_2018-11-09 12_49_20.scn",Original experimental image,Brightfield,,NBT/BCIP,"Neural tissue, bone (strong)"
HDBR_SOX9_ISH,"10805,1,HEAD,CS19,170_2018-11-09 14_09_02.scn",HuDSeN:726,"Embryo 10805, slide 170",Homo sapiens,NCBITaxon,9606,CS19,In situ hybridisation,,NCBITaxon,NM_000346,,nt 758 - nt 1275,ENSG00000125398,SOX9,"HDBR_SOX9_ISH/10805,1,HEAD,CS19,170_2018-11-09 14_09_02.scn",Original experimental image,Brightfield,,NBT/BCIP,"Neural tissue, bone (strong)"
HDBR_SOX9_ISH,"10805,2,BODY,CS19,37_2018-11-09 14_01_43.scn",HuDSeN:726,"Embryo 10805, slide 37",Homo sapiens,NCBITaxon,9606,CS19,In situ hybridisation,,NCBITaxon,NM_000346,,nt 758 - nt 1275,ENSG00000125398,SOX9,"HDBR_SOX9_ISH/10805,2,BODY,CS19,37_2018-11-09 14_01_43.scn",Original experimental image,Brightfield,,NBT/BCIP,"Neural tissue, bone (strong)"
HDBR_SOX9_ISH,"10805,2,BODY,CS19,49_2018-11-09 14_07_43.scn",HuDSeN:726,"Embryo 10805, slide 49",Homo sapiens,NCBITaxon,9606,CS19,In situ hybridisation,,NCBITaxon,NM_000346,,nt 758 - nt 1275,ENSG00000125398,SOX9,"HDBR_SOX9_ISH/10805,2,BODY,CS19,49_2018-11-09 14_07_43.scn",Original experimental image,Brightfield,,NBT/BCIP,"Neural tissue, bone (strong)"
HDBR_SOX9_ISH,"10805,2,BODY,CS19,98_2018-11-09 13_03_51.scn",HuDSeN:726,"Embryo 10805, slide 98",Homo sapiens,NCBITaxon,9606,CS19,In situ hybridisation,,NCBITaxon,NM_000346,,nt 758 - nt 1275,ENSG00000125398,SOX9,"HDBR_SOX9_ISH/10805,2,BODY,CS19,98_2018-11-09 13_03_51.scn",Original experimental image,Brightfield,,NBT/BCIP,"Neural tissue, bone (strong)"
HDBR_SOX9_ISH,"10822,2,BODY,CS22,105_2018-11-09 13_05_47.scn",HuDSeN:718,"Embryo 10822, slide 105",Homo sapiens,NCBITaxon,9606,CS22,In situ hybridisation,,NCBITaxon,NM_000346,,nt 758 - nt 1275,ENSG00000125398,SOX9,"HDBR_SOX9_ISH/10822,2,BODY,CS22,105_2018-11-09 13_05_47.scn",Original experimental image,Brightfield,,NBT/BCIP,"Neural tissue, bone (strong)"
HDBR_SOX9_ISH,"10822,2,BODY,CS22,50_2018-11-09 14_10_35.scn",HuDSeN:718,"Embryo 10822, slide 50",Homo sapiens,NCBITaxon,9606,CS22,In situ hybridisation,,NCBITaxon,NM_000346,,nt 758 - nt 1275,ENSG00000125398,SOX9,"HDBR_SOX9_ISH/10822,2,BODY,CS22,50_2018-11-09 14_10_35.scn",Original experimental image,Brightfield,,NBT/BCIP,"Neural tissue, bone (strong)"
HDBR_SOX9_ISH,"10822,2,BODY,CS22,52_2018-11-09 14_12_31.scn",HuDSeN:718,"Embryo 10822, slide 52",Homo sapiens,NCBITaxon,9606,CS22,In situ hybridisation,,NCBITaxon,NM_000346,,nt 758 - nt 1275,ENSG00000125398,SOX9,"HDBR_SOX9_ISH/10822,2,BODY,CS22,52_2018-11-09 14_12_31.scn",Original experimental image,Brightfield,,NBT/BCIP,"Neural tissue, bone (strong)"
HDBR_SOX9_ISH,"10822,2,BODY,CS22,58_2018-11-09 14_18_44.scn",HuDSeN:718,"Embryo 10822, slide 58",Homo sapiens,NCBITaxon,9606,CS22,In situ hybridisation,,NCBITaxon,NM_000346,,nt 758 - nt 1275,ENSG00000125398,SOX9,"HDBR_SOX9_ISH/10822,2,BODY,CS22,58_2018-11-09 14_18_44.scn",Original experimental image,Brightfield,,NBT/BCIP,"Neural tissue, bone (strong)"
HDBR_SOX9_ISH,"10822,2,BODY,CS22,66_2018-11-09 14_21_54.scn",HuDSeN:718,"Embryo 10822, slide 66",Homo sapiens,NCBITaxon,9606,CS22,In situ hybridisation,,NCBITaxon,NM_000346,,nt 758 - nt 1275,ENSG00000125398,SOX9,"HDBR_SOX9_ISH/10822,2,BODY,CS22,66_2018-11-09 14_21_54.scn",Original experimental image,Brightfield,,NBT/BCIP,"Neural tissue, bone (strong)"
HDBR_SOX9_ISH,"10875,1,HEAD,CS20,25_2018-11-09 13_08_31.scn",HuDSeN:726,"Embryo 10875, slide 25",Homo sapiens,NCBITaxon,9606,CS20,In situ hybridisation,,NCBITaxon,NM_000346,,nt 758 - nt 1275,ENSG00000125398,SOX9,"HDBR_SOX9_ISH/10875,1,HEAD,CS20,25_2018-11-09 13_08_31.scn",Original experimental image,Brightfield,,NBT/BCIP,"Neural tissue, bone (strong)"
HDBR_SOX9_ISH,"10905,2,BODY,CS20,36_2018-11-09 13_12_22.scn",HuDSeN:726,"Embryo 10905, slide 36",Homo sapiens,NCBITaxon,9606,CS20,In situ hybridisation,,NCBITaxon,NM_000346,,nt 758 - nt 1275,ENSG00000125398,SOX9,"HDBR_SOX9_ISH/10905,2,BODY,CS20,36_2018-11-09 13_12_22.scn",Original experimental image,Brightfield,,NBT/BCIP,"Neural tissue, bone (strong)"
HDBR_SOX9_ISH,"10905,2,BODY,CS20,61_2018-11-09 13_06_36.scn",HuDSeN:726,"Embryo 10905, slide 61",Homo sapiens,NCBITaxon,9606,CS20,In situ hybridisation,,NCBITaxon,NM_000346,,nt 758 - nt 1275,ENSG00000125398,SOX9,"HDBR_SOX9_ISH/10905,2,BODY,CS20,61_2018-11-09 13_06_36.scn",Original experimental image,Brightfield,,NBT/BCIP,"Neural tissue, bone (strong)"
HDBR_SOX9_ISH,"1183,1,BRAIN,10 PCW,13_2018-11-15 14_28_11.scn",HuDSeN:1214,"Fetal brain 1183, slide 13",Homo sapiens,NCBITaxon,9606,10PCW,In situ hybridisation,,NCBITaxon,NM_000346,,nt 758 - nt 1275,ENSG00000125398,SOX9,"HDBR_SOX9_ISH/1183,1,BRAIN,10 PCW,13_2018-11-15 14_28_11.scn",Original experimental image,Brightfield,,NBT/BCIP,"Neural tissue, bone (strong)"
HDBR_SOX9_ISH,"1455,1,EMBRYO,CS19,204_2018-11-15 14_25_45.scn",HuDSeN:726,"Embryo 1455, slide, 204",Homo sapiens,NCBITaxon,9606,CS19,In situ hybridisation,,NCBITaxon,NM_000346,,nt 758 - nt 1275,ENSG00000125398,SOX9,"HDBR_SOX9_ISH/1455,1,EMBRYO,CS19,204_2018-11-15 14_25_45.scn",Original experimental image,Brightfield,,NBT/BCIP,"Neural tissue, bone (strong)"
HDBR_SOX9_ISH,"1634,7,BRAIN SLICE 3,10 PCW,18_2018-11-15 14_33_17.scn",HuDSeN:1214,"Fetal brain 1634, slide 18",Homo sapiens,NCBITaxon,9606,10PCW,In situ hybridisation,,NCBITaxon,NM_000346,,nt 758 - nt 1275,ENSG00000125398,SOX9,"HDBR_SOX9_ISH/1634,7,BRAIN SLICE 3,10 PCW,18_2018-11-15 14_33_17.scn",Original experimental image,Brightfield,,NBT/BCIP,"Neural tissue, bone (strong)"
HDBR_SOX9_ISH,"1677,3,BRAIN,10 PCW,84_2018-11-15 14_48_59.scn",HuDSeN:1214,"Fetal brain 1677, slide 84",Homo sapiens,NCBITaxon,9606,10PCW,In situ hybridisation,,NCBITaxon,NM_000346,,nt 758 - nt 1275,ENSG00000125398,SOX9,"HDBR_SOX9_ISH/1677,3,BRAIN,10 PCW,84_2018-11-15 14_48_59.scn",Original experimental image,Brightfield,,NBT/BCIP,"Neural tissue, bone (strong)"
HDBR_SOX9_ISH,"1824,4,BRAIN,10PCW,19_2018-11-15 14_54_58.scn",HuDSeN:1214,"Fetal brain 1824, slide 19",Homo sapiens,NCBITaxon,9606,10PCW,In situ hybridisation,,NCBITaxon,NM_000346,,nt 758 - nt 1275,ENSG00000125398,SOX9,"HDBR_SOX9_ISH/1824,4,BRAIN,10PCW,19_2018-11-15 14_54_58.scn",Original experimental image,Brightfield,,NBT/BCIP,"Neural tissue, bone (strong)"
HDBR_SOX9_ISH,"1932,11,Brain,12 pcw,12_2018-11-15 14_44_00.scn",HuDSeN:1214,"Fetal brain 1932, slide 12",Homo sapiens,NCBITaxon,9606,12PCW,In situ hybridisation,,NCBITaxon,NM_000346,,nt 758 - nt 1275,ENSG00000125398,SOX9,"HDBR_SOX9_ISH/1932,11,Brain,12 pcw,12_2018-11-15 14_44_00.scn",Original experimental image,Brightfield,,NBT/BCIP,"Neural tissue, bone (strong)"
HDBR_SOX9_ISH,"1947,1,Brain Slice 2,9 PCW,11_2018-11-15 14_37_23.scn",HuDSeN:1214,"Fetal brain 1947, slide 11",Homo sapiens,NCBITaxon,9606,9PCW,In situ hybridisation,,NCBITaxon,NM_000346,,nt 758 - nt 1275,ENSG00000125398,SOX9,"HDBR_SOX9_ISH/1947,1,Brain Slice 2,9 PCW,11_2018-11-15 14_37_23.scn",Original experimental image,Brightfield,,NBT/BCIP,"Neural tissue, bone (strong)"
HDBR_SOX9_ISH,"2017,2,BODY,9 PCW,11_2018-11-15 14_23_45.scn",HuDSeN:1214,"Fetus 2017, slide 11",Homo sapiens,NCBITaxon,9606,9PCW,In situ hybridisation,,NCBITaxon,NM_000346,,nt 758 - nt 1275,ENSG00000125398,SOX9,"HDBR_SOX9_ISH/2017,2,BODY,9 PCW,11_2018-11-15 14_23_45.scn",Original experimental image,Brightfield,,NBT/BCIP,"Neural tissue, bone (strong)"
HDBR_SOX9_ISH,"2040,1,HEAD,9PCW,15_2018-11-09 13_16_56.scn",HuDSeN:1214,"Fetus 2040, slide 15",Homo sapiens,NCBITaxon,9606,9PCW,In situ hybridisation,,NCBITaxon,NM_000346,,nt 758 - nt 1275,ENSG00000125398,SOX9,"HDBR_SOX9_ISH/2040,1,HEAD,9PCW,15_2018-11-09 13_16_56.scn",Original experimental image,Brightfield,,NBT/BCIP,"Neural tissue, bone (strong)"
HDBR_SOX9_ISH,"2040,1,HEAD,9PCW,28_2018-11-09 15_00_03.scn",HuDSeN:1214,"Fetus 2040, slide 28",Homo sapiens,NCBITaxon,9606,9PCW,In situ hybridisation,,NCBITaxon,NM_000346,,nt 758 - nt 1275,ENSG00000125398,SOX9,"HDBR_SOX9_ISH/2040,1,HEAD,9PCW,28_2018-11-09 15_00_03.scn",Original experimental image,Brightfield,,NBT/BCIP,"Neural tissue, bone (strong)"
HDBR_SOX9_ISH,"268,1,HEAD,9PCW,143_2018-11-09 13_33_52.scn",HuDSeN:1214,"Fetus 268, slide 143",Homo sapiens,NCBITaxon,9606,9PCW,In situ hybridisation,,NCBITaxon,NM_000346,,nt 758 - nt 1275,ENSG00000125398,SOX9,"HDBR_SOX9_ISH/268,1,HEAD,9PCW,143_2018-11-09 13_33_52.scn",Original experimental image,Brightfield,,NBT/BCIP,"Neural tissue, bone (strong)"
HDBR_SOX9_ISH,"392,1,HEAD,9PCW,309_2018-11-09 13_39_21.scn",HuDSeN:1214,"Fetus 392, slide 309",Homo sapiens,NCBITaxon,9606,9PCW,In situ hybridisation,,NCBITaxon,NM_000346,,nt 758 - nt 1275,ENSG00000125398,SOX9,"HDBR_SOX9_ISH/392,1,HEAD,9PCW,309_2018-11-09 13_39_21.scn",Original experimental image,Brightfield,,NBT/BCIP,"Neural tissue, bone (strong)"
HDBR_SOX9_ISH,ImageCollection_0000000913_2018-11-15 15_26_01.scn,HuDSeN:726,"Embryo 1726, slide 9",Homo sapiens,NCBITaxon,9606,CS19,In situ hybridisation,,NCBITaxon,NM_000346,,nt 758 - nt 1275,ENSG00000125398,SOX9,HDBR_SOX9_ISH/ImageCollection_0000000913_2018-11-15 15_26_01.scn,Original experimental image,Brightfield,,NBT/BCIP,"Neural tissue, bone (strong)"
HDBR_SOX9_ISH,ImageCollection_0000000914_2018-11-15 15_26_45.scn,HuDSeN:718,"Embryo 11522, slide 129",Homo sapiens,NCBITaxon,9606,CS23,In situ hybridisation,,NCBITaxon,NM_000346,,nt 758 - nt 1275,ENSG00000125398,SOX9,HDBR_SOX9_ISH/ImageCollection_0000000914_2018-11-15 15_26_45.scn,Original experimental image,Brightfield,,NBT/BCIP,"Neural tissue, bone (strong)"
HDBR_SOX9_ISH,ImageCollection_0000000915_2018-11-15 15_27_54.scn,HuDSeN:726,"Embryo 1847, slide 23",Homo sapiens,NCBITaxon,9606,CS19,In situ hybridisation,,NCBITaxon,NM_000346,,nt 758 - nt 1275,ENSG00000125398,SOX9,HDBR_SOX9_ISH/ImageCollection_0000000915_2018-11-15 15_27_54.scn,Original experimental image,Brightfield,,NBT/BCIP,"Neural tissue, bone (strong)"
HDBR_SOX9_ISH_35S,CS16_A119_083_1.jpg,HuDSeN:170,"Embryo A119, slide 83, section 1",Homo sapiens,NCBITaxon,9606,CS16,In situ hybridisation,,NCBITaxon,NM-000346,,nt 2542 - nt 3068,ENSG00000125398,SOX9,HDBR_SOX9_ISH_35S/CS16_A119_083_1.jpg,Original experimental image,Darkfield,,35S,"Neural tissue, bone (strong)"
HDBR_SOX9_ISH_35S,CS16_A119_083_3.jpg,HuDSeN:170,"Embryo A119, slide 83, section 3",Homo sapiens,NCBITaxon,9606,CS16,In situ hybridisation,,NCBITaxon,NM-000346,,nt 2542 - nt 3068,ENSG00000125398,SOX9,HDBR_SOX9_ISH_35S/CS16_A119_083_3.jpg,Original experimental image,Darkfield,,35S,"Neural tissue, bone (strong)"
HDBR_SOX9_ISH_35S,CS18_3DView.jpg,HuDSeN:245,3D view,Homo sapiens,NCBITaxon,9606,CS18,In situ hybridisation,,NCBITaxon,NM-000346,,nt 2542 - nt 3068,ENSG00000125398,SOX9,HDBR_SOX9_ISH_35S/CS18_3DView.jpg,3D view of data mapped into a CS18 model,,"Red = strong expression, yellow = moderate expression, blue = weak expression",,
HDBR_SOX9_ISH_35S,CS18_3DView.mpg,HuDSeN:245,3D movie,Homo sapiens,NCBITaxon,9606,CS18,In situ hybridisation,,NCBITaxon,NM-000346,,nt 2542 - nt 3068,ENSG00000125398,SOX9,HDBR_SOX9_ISH_35S/CS18_3DView.mpg,3D movie of data mapped into a CS18 model,,"Red = strong expression, yellow = moderate expression, blue = weak expression",,
HDBR_SOX9_ISH_35S,CS18_A298_185_1.jpg,HuDSeN:245,"Embryo A298, slide 185, section 1",Homo sapiens,NCBITaxon,9606,CS18,In situ hybridisation,,NCBITaxon,NM-000346,,nt 2542 - nt 3068,ENSG00000125398,SOX9,HDBR_SOX9_ISH_35S/CS18_A298_185_1.jpg,Original experimental image,Darkfield,,35S,"Neural tissue, bone (strong)"
HDBR_SOX9_ISH_35S,CS18_A298_190_1.jpg,HuDSeN:245,"Embryo A298, slide 190, section 1",Homo sapiens,NCBITaxon,9606,CS18,In situ hybridisation,,NCBITaxon,NM-000346,,nt 2542 - nt 3068,ENSG00000125398,SOX9,HDBR_SOX9_ISH_35S/CS18_A298_190_1.jpg,Original experimental image,Darkfield,,35S,"Neural tissue, bone (strong)"
HDBR_SOX9_ISH_35S,CS18_A64_203_3.jpg,HuDSeN:245,"Embryo A64, slide 2103, section 3",Homo sapiens,NCBITaxon,9606,CS18,In situ hybridisation,,NCBITaxon,NM-000346,,nt 2542 - nt 3068,ENSG00000125398,SOX9,HDBR_SOX9_ISH_35S/CS18_A64_203_3.jpg,Original experimental image,Darkfield,,35S,"Neural tissue, bone (strong)"
HDBR_SOX9_ISH_35S,CS18_A64_216_1.jpg,HuDSeN:245,"Embryo A64, slide 216, section 1",Homo sapiens,NCBITaxon,9606,CS18,In situ hybridisation,,NCBITaxon,NM-000346,,nt 2542 - nt 3068,ENSG00000125398,SOX9,HDBR_SOX9_ISH_35S/CS18_A64_216_1.jpg,Original experimental image,Darkfield,,35S,"Neural tissue, bone (strong)"
HDBR_SOX9_ISH_35S,CS18_A64_216_3.jpg,HuDSeN:245,"Embryo A64, slide 216, section 3",Homo sapiens,NCBITaxon,9606,CS18,In situ hybridisation,,NCBITaxon,NM-000346,,nt 2542 - nt 3068,ENSG00000125398,SOX9,HDBR_SOX9_ISH_35S/CS18_A64_216_3.jpg,Original experimental image,Darkfield,,35S,"Neural tissue, bone (strong)"
HDBR_SOX9_ISH_35S,CS19_A231_053_4.jpg,HuDSeN:144,"Embryo A231, slide 053, section 4",Homo sapiens,NCBITaxon,9606,CS19,In situ hybridisation,,NCBITaxon,NM-000346,,nt 2542 - nt 3068,ENSG00000125398,SOX9,HDBR_SOX9_ISH_35S/CS19_A231_053_4.jpg,Original experimental image,Darkfield,,35S,"Neural tissue, bone (strong)"
HDBR_SOX9_ISH_35S,CS19_A231_100_4.jpg,HuDSeN:144,"Embryo A231, slide 100, section 4",Homo sapiens,NCBITaxon,9606,CS19,In situ hybridisation,,NCBITaxon,NM-000346,,nt 2542 - nt 3068,ENSG00000125398,SOX9,HDBR_SOX9_ISH_35S/CS19_A231_100_4.jpg,Original experimental image,Darkfield,,35S,"Neural tissue, bone (strong)"
HDBR_SOX9_ISH_35S,CS19_A231_108_4.jpg,HuDSeN:144,"Embryo A231, slide 108, section 4",Homo sapiens,NCBITaxon,9606,CS19,In situ hybridisation,,NCBITaxon,NM-000346,,nt 2542 - nt 3068,ENSG00000125398,SOX9,HDBR_SOX9_ISH_35S/CS19_A231_108_4.jpg,Original experimental image,Darkfield,,35S,"Neural tissue, bone (strong)"
HDBR_SOX9_ISH_35S,CS19_A231_119_4.jpg,HuDSeN:144,"Embryo A231, slide 119, section 4",Homo sapiens,NCBITaxon,9606,CS19,In situ hybridisation,,NCBITaxon,NM-000346,,nt 2542 - nt 3068,ENSG00000125398,SOX9,HDBR_SOX9_ISH_35S/CS19_A231_119_4.jpg,Original experimental image,Darkfield,,35S,"Neural tissue, bone (strong)"
HDBR_SOX9_ISH_35S,CS19_A231_237_1.jpg,HuDSeN:144,"Embryo A231, slide 237, section 1",Homo sapiens,NCBITaxon,9606,CS19,In situ hybridisation,,NCBITaxon,NM-000346,,nt 2542 - nt 3068,ENSG00000125398,SOX9,HDBR_SOX9_ISH_35S/CS19_A231_237_1.jpg,Original experimental image,Darkfield,,35S,"Neural tissue, bone (strong)"
HDBR_SOX9_ISH_35S,CS19_A231_237_3.jpg,HuDSeN:144,"Embryo A231, slide 237, section 3",Homo sapiens,NCBITaxon,9606,CS19,In situ hybridisation,,NCBITaxon,NM-000346,,nt 2542 - nt 3068,ENSG00000125398,SOX9,HDBR_SOX9_ISH_35S/CS19_A231_237_3.jpg,Original experimental image,Darkfield,,35S,"Neural tissue, bone (strong)"
HDBR_SOX9_ISH_35S,CS19_A231_252_1.jpg,HuDSeN:144,"Embryo A231, slide 252, section 1",Homo sapiens,NCBITaxon,9606,CS19,In situ hybridisation,,NCBITaxon,NM-000346,,nt 2542 - nt 3068,ENSG00000125398,SOX9,HDBR_SOX9_ISH_35S/CS19_A231_252_1.jpg,Original experimental image,Darkfield,,35S,"Neural tissue, bone (strong)"
HDBR_SOX9_ISH_35S,CS19_A231_252_3.jpg,HuDSeN:144,"Embryo A231, slide 252, section 3",Homo sapiens,NCBITaxon,9606,CS19,In situ hybridisation,,NCBITaxon,NM-000346,,nt 2542 - nt 3068,ENSG00000125398,SOX9,HDBR_SOX9_ISH_35S/CS19_A231_252_3.jpg,Original experimental image,Darkfield,,35S,"Neural tissue, bone (strong)"
HDBR_SOX9_ISH_35S,CS19_sagittal_3DView.jpg,HuDSeN:143,3D view,Homo sapiens,NCBITaxon,9606,CS19,In situ hybridisation,,NCBITaxon,NM-000346,,nt 2542 - nt 3068,ENSG00000125398,SOX9,HDBR_SOX9_ISH_35S/CS19_sagittal_3DView.jpg,3D view of data mapped into a CS19 model,,"Red = strong expression, yellow = moderate expression",,
HDBR_SOX9_ISH_35S,CS19_sagittal_3DView.mpg,HuDSeN:143,3D movie,Homo sapiens,NCBITaxon,9606,CS19,In situ hybridisation,,NCBITaxon,NM-000346,,nt 2542 - nt 3068,ENSG00000125398,SOX9,HDBR_SOX9_ISH_35S/CS19_sagittal_3DView.mpg,3D movie of data mapped into a CS19 model,,"Red = strong expression, yellow = moderate expression",,
HDBR_SOX9_ISH_35S,CS19_sagittal_A142_106_1.jpg,HuDSeN:143,"Embryo A142, slide 06, section 1",Homo sapiens,NCBITaxon,9606,CS19,In situ hybridisation,,NCBITaxon,NM-000346,,nt 2542 - nt 3068,ENSG00000125398,SOX9,HDBR_SOX9_ISH_35S/CS19_sagittal_A142_106_1.jpg,Original experimental image,Darkfield,,35S,"Neural tissue, bone (strong)"
HDBR_SOX9_ISH_35S,CS19_sagittal_N109_031_1.jpg,HuDSeN:143,"Embryo N109, slide 31, section 1",Homo sapiens,NCBITaxon,9606,CS19,In situ hybridisation,,NCBITaxon,NM-000346,,nt 2542 - nt 3068,ENSG00000125398,SOX9,HDBR_SOX9_ISH_35S/CS19_sagittal_N109_031_1.jpg,Original experimental image,Darkfield,,35S,"Neural tissue, bone (strong)"
HDBR_SOX9_ISH_35S,CS19_sagittal_N109_031_2.jpg,HuDSeN:143,"Embryo N109, slide 31, section 2",Homo sapiens,NCBITaxon,9606,CS19,In situ hybridisation,,NCBITaxon,NM-000346,,nt 2542 - nt 3068,ENSG00000125398,SOX9,HDBR_SOX9_ISH_35S/CS19_sagittal_N109_031_2.jpg,Original experimental image,Darkfield,,35S,"Neural tissue, bone (strong)"
HDBR_SOX9_ISH_35S,CS19_sagittal_N109_139_2.jpg,HuDSeN:143,"Embryo N109, slide 139, section 2",Homo sapiens,NCBITaxon,9606,CS19,In situ hybridisation,,NCBITaxon,NM-000346,,nt 2542 - nt 3068,ENSG00000125398,SOX9,HDBR_SOX9_ISH_35S/CS19_sagittal_N109_139_2.jpg,Original experimental image,Darkfield,,35S,"Neural tissue, bone (strong)"
HDBR_SOX9_ISH_35S,CS19_sagittal_N109_192_1.jpg,HuDSeN:143,"Embryo N109, slide 192, section 1",Homo sapiens,NCBITaxon,9606,CS19,In situ hybridisation,,NCBITaxon,NM-000346,,nt 2542 - nt 3068,ENSG00000125398,SOX9,HDBR_SOX9_ISH_35S/CS19_sagittal_N109_192_1.jpg,Original experimental image,Darkfield,,35S,"Neural tissue, bone (strong)"
HDBR_SOX9_ISH_35S,CS19_sagittal_N109_192_2.jpg,HuDSeN:143,"Embryo N109, slide 192, section 2",Homo sapiens,NCBITaxon,9606,CS19,In situ hybridisation,,NCBITaxon,NM-000346,,nt 2542 - nt 3068,ENSG00000125398,SOX9,HDBR_SOX9_ISH_35S/CS19_sagittal_N109_192_2.jpg,Original experimental image,Darkfield,,35S,"Neural tissue, bone (strong)"
HDBR_SOX9_ISH_35S,CS19_sagittal_N109_221_2.jpg,HuDSeN:143,"Embryo N109, slide 221, section 2",Homo sapiens,NCBITaxon,9606,CS19,In situ hybridisation,,NCBITaxon,NM-000346,,nt 2542 - nt 3068,ENSG00000125398,SOX9,HDBR_SOX9_ISH_35S/CS19_sagittal_N109_221_2.jpg,Original experimental image,Darkfield,,35S,"Neural tissue, bone (strong)"
HDBR_SOX9_ISH_35S,CS19_sagittal_N109_251_2.jpg,HuDSeN:143,"Embryo N109, slide 251, section 2",Homo sapiens,NCBITaxon,9606,CS19,In situ hybridisation,,NCBITaxon,NM-000346,,nt 2542 - nt 3068,ENSG00000125398,SOX9,HDBR_SOX9_ISH_35S/CS19_sagittal_N109_251_2.jpg,Original experimental image,Darkfield,,35S,"Neural tissue, bone (strong)"
HDBR_SOX9_ISH_35S,CS19_sagittal_N109_260_1.jpg,HuDSeN:143,"Embryo N109, slide 260, section 1",Homo sapiens,NCBITaxon,9606,CS19,In situ hybridisation,,NCBITaxon,NM-000346,,nt 2542 - nt 3068,ENSG00000125398,SOX9,HDBR_SOX9_ISH_35S/CS19_sagittal_N109_260_1.jpg,Original experimental image,Darkfield,,35S,"Neural tissue, bone (strong)"
HDBR_SOX9_ISH_35S,CS19_sagittal_N109_260_2.jpg,HuDSeN:143,"Embryo N109, slide 260, section 2",Homo sapiens,NCBITaxon,9606,CS19,In situ hybridisation,,NCBITaxon,NM-000346,,nt 2542 - nt 3068,ENSG00000125398,SOX9,HDBR_SOX9_ISH_35S/CS19_sagittal_N109_260_2.jpg,Original experimental image,Darkfield,,35S,"Neural tissue, bone (strong)"
HDBR_SOX9_ISH_35S,CS19_sagittal_N109_278_2.jpg,HuDSeN:143,"Embryo N109, slide 278, section 2",Homo sapiens,NCBITaxon,9606,CS19,In situ hybridisation,,NCBITaxon,NM-000346,,nt 2542 - nt 3068,ENSG00000125398,SOX9,HDBR_SOX9_ISH_35S/CS19_sagittal_N109_278_2.jpg,Original experimental image,Darkfield,,35S,"Neural tissue, bone (strong)"
HDBR_SOX9_ISH_35S,CS19_sagittal_n49_060_01.jpg,HuDSeN:143,"Embryo n49, slide 60, section 1",Homo sapiens,NCBITaxon,9606,CS19,In situ hybridisation,,NCBITaxon,NM-000346,,nt 2542 - nt 3068,ENSG00000125398,SOX9,HDBR_SOX9_ISH_35S/CS19_sagittal_n49_060_01.jpg,Original experimental image,Darkfield,,35S,"Neural tissue, bone (strong)"
HDBR_SOX9_ISH_35S,CS19_sagittal_n49_076_01.jpg,HuDSeN:143,"Embryo n49, slide 76, section 1",Homo sapiens,NCBITaxon,9606,CS19,In situ hybridisation,,NCBITaxon,NM-000346,,nt 2542 - nt 3068,ENSG00000125398,SOX9,HDBR_SOX9_ISH_35S/CS19_sagittal_n49_076_01.jpg,Original experimental image,Darkfield,,35S,"Neural tissue, bone (strong)"
HDBR_SOX9_ISH_35S,CS19_sagittal_n49_076_02.jpg,HuDSeN:143,"Embryo n49, slide 76, section 2",Homo sapiens,NCBITaxon,9606,CS19,In situ hybridisation,,NCBITaxon,NM-000346,,nt 2542 - nt 3068,ENSG00000125398,SOX9,HDBR_SOX9_ISH_35S/CS19_sagittal_n49_076_02.jpg,Original experimental image,Darkfield,,35S,"Neural tissue, bone (strong)"
HDBR_SOX9_ISH_35S,CS19_sagittal_n49_077_01.jpg,HuDSeN:143,"Embryo n49, slide 77, section 1",Homo sapiens,NCBITaxon,9606,CS19,In situ hybridisation,,NCBITaxon,NM-000346,,nt 2542 - nt 3068,ENSG00000125398,SOX9,HDBR_SOX9_ISH_35S/CS19_sagittal_n49_077_01.jpg,Original experimental image,Darkfield,,35S,"Neural tissue, bone (strong)"
HDBR_SOX9_ISH_35S,CS19_sagittal_n49_082_01.jpg,HuDSeN:143,"Embryo n49, slide 82, section 1",Homo sapiens,NCBITaxon,9606,CS19,In situ hybridisation,,NCBITaxon,NM-000346,,nt 2542 - nt 3068,ENSG00000125398,SOX9,HDBR_SOX9_ISH_35S/CS19_sagittal_n49_082_01.jpg,Original experimental image,Darkfield,,35S,"Neural tissue, bone (strong)"
HDBR_SOX9_ISH_35S,CS19_sagittal_n49_086_04.jpg,HuDSeN:143,"Embryo n49, slide 86, section 4",Homo sapiens,NCBITaxon,9606,CS19,In situ hybridisation,,NCBITaxon,NM-000346,,nt 2542 - nt 3068,ENSG00000125398,SOX9,HDBR_SOX9_ISH_35S/CS19_sagittal_n49_086_04.jpg,Original experimental image,Darkfield,,35S,"Neural tissue, bone (strong)"
HDBR_SOX9_ISH_35S,CS19_sagittal_n49_090_01.jpg,HuDSeN:143,"Embryo n49, slide 90, section 1",Homo sapiens,NCBITaxon,9606,CS19,In situ hybridisation,,NCBITaxon,NM-000346,,nt 2542 - nt 3068,ENSG00000125398,SOX9,HDBR_SOX9_ISH_35S/CS19_sagittal_n49_090_01.jpg,Original experimental image,Darkfield,,35S,"Neural tissue, bone (strong)"
HDBR_SOX9_ISH_35S,CS19_sagittal_n49_090_02.jpg,HuDSeN:143,"Embryo n49, slide 90, section 2",Homo sapiens,NCBITaxon,9606,CS19,In situ hybridisation,,NCBITaxon,NM-000346,,nt 2542 - nt 3068,ENSG00000125398,SOX9,HDBR_SOX9_ISH_35S/CS19_sagittal_n49_090_02.jpg,Original experimental image,Darkfield,,35S,"Neural tissue, bone (strong)"
HDBR_SOX9_ISH_35S,CS19_sagittal_n49_090_03.jpg,HuDSeN:143,"Embryo n49, slide 90, section 3",Homo sapiens,NCBITaxon,9606,CS19,In situ hybridisation,,NCBITaxon,NM-000346,,nt 2542 - nt 3068,ENSG00000125398,SOX9,HDBR_SOX9_ISH_35S/CS19_sagittal_n49_090_03.jpg,Original experimental image,Darkfield,,35S,"Neural tissue, bone (strong)"
HDBR_SOX9_ISH_35S,CS19_sagittal_n49_107_01.jpg,HuDSeN:143,"Embryo n49, slide 107, section 1",Homo sapiens,NCBITaxon,9606,CS19,In situ hybridisation,,NCBITaxon,NM-000346,,nt 2542 - nt 3068,ENSG00000125398,SOX9,HDBR_SOX9_ISH_35S/CS19_sagittal_n49_107_01.jpg,Original experimental image,Darkfield,,35S,"Neural tissue, bone (strong)"
HDBR_SOX9_ISH_35S,CS19_sagittal_n49_111_03.jpg,HuDSeN:143,"Embryo n49, slide 111, section 3",Homo sapiens,NCBITaxon,9606,CS19,In situ hybridisation,,NCBITaxon,NM-000346,,nt 2542 - nt 3068,ENSG00000125398,SOX9,HDBR_SOX9_ISH_35S/CS19_sagittal_n49_111_03.jpg,Original experimental image,Darkfield,,35S,"Neural tissue, bone (strong)"
HDBR_SOX9_ISH_35S,CS20_A268_196_3.jpg,HuDSeN:232,"Embryo A268, slide 196, section 3",Homo sapiens,NCBITaxon,9606,CS20,In situ hybridisation,,NCBITaxon,NM-000346,,nt 2542 - nt 3068,ENSG00000125398,SOX9,HDBR_SOX9_ISH_35S/CS20_A268_196_3.jpg,Original experimental image,Darkfield,,35S,"Neural tissue, bone (strong)"
HDBR_SYP_IHC,Autotest_0000010911_2015-05-26 11_46_34.scn,HuDSeN:1136,"Fetal brain 12026, slide 50",Homo sapiens,NCBITaxon,9606,17PCW,Immunohistochemistry,Synaptophysin,NCBITaxon,NM_003179,Sigma S5768,,ENSG00000102003,SYP,HDBR_SYP_IHC/Autotest_0000010911_2015-05-26 11_46_34.scn,Original experimental image,Brightfield,,DAB,Brain (strong)
HDBR_SYP_IHC,"11610,9,brain,12pcw,97_SYP.svs",HuDSeN:1136,"Fetal brain 11610, slide 97",Homo sapiens,NCBITaxon,9606,12PCW,Immunohistochemistry,Synaptophysin,NCBITaxon,NM_003179,Sigma S5768,,ENSG00000102003,SYP,"HDBR_SYP_IHC/11610,9,brain,12pcw,97_SYP.svs",Original experimental image,Brightfield,,DAB,Brain (strong)
HDBR_SYP_IHC,"11761,12,Sl 3,12pcw,140_SYP.svs",HuDSeN:1136,"Fetal brain 11761, slide 140",Homo sapiens,NCBITaxon,9606,12PCW,Immunohistochemistry,Synaptophysin,NCBITaxon,NM_003179,Sigma S5768,,ENSG00000102003,SYP,"HDBR_SYP_IHC/11761,12,Sl 3,12pcw,140_SYP.svs",Original experimental image,Brightfield,,DAB,Brain (strong)
HDBR_SYP_IHC,"11795,11,R Hemi,12pcw,72_SYP.svs",HuDSeN:1136,"Fetal brain 11795, slide 72",Homo sapiens,NCBITaxon,9606,12PCW,Immunohistochemistry,Synaptophysin,NCBITaxon,NM_003179,Sigma S5768,,ENSG00000102003,SYP,"HDBR_SYP_IHC/11795,11,R Hemi,12pcw,72_SYP.svs",Original experimental image,Brightfield,,DAB,Brain (strong)
HDBR_SYP_IHC,"1605,2,Rt hemi,10pcw,24_SYP.svs",HuDSeN:1136,"Fetal brain 1605, slide 24",Homo sapiens,NCBITaxon,9606,10PCW,Immunohistochemistry,Synaptophysin,NCBITaxon,NM_003179,Sigma S5768,,ENSG00000102003,SYP,"HDBR_SYP_IHC/1605,2,Rt hemi,10pcw,24_SYP.svs",Original experimental image,Brightfield,,DAB,Brain (strong)
HDBR_WNT3A_ISH,"459,1,embryo,CS19,110_2014-10-08 12_31_02.scn",HuDSeN:808,"Embryo 459, slide 110",Homo sapiens,NCBITaxon,9606,CS19,In situ hybridisation,,NCBITaxon,NM_033131,,nt 1427 - nt 1851,ENSG00000154342,WNT3A,"HDBR_WNT3A_ISH/459,1,embryo,CS19,110_2014-10-08 12_31_02.scn",Original experimental image,Brightfield,,NBT/BCIP,Brain (strong)
HDBR_WNT3A_ISH,"459,1,embryo,CS19,119_2014-10-08 13_31_12.scn",HuDSeN:808,"Embryo 459, slide 119",Homo sapiens,NCBITaxon,9606,CS19,In situ hybridisation,,NCBITaxon,NM_033131,,nt 1427 - nt 1851,ENSG00000154342,WNT3A,"HDBR_WNT3A_ISH/459,1,embryo,CS19,119_2014-10-08 13_31_12.scn",Original experimental image,Brightfield,,NBT/BCIP,Brain (strong)
HDBR_WNT3A_ISH,"459,1,embryo,CS19,125_2014-10-08 13_31_03.scn",HuDSeN:808,"Embryo 459, slide 125",Homo sapiens,NCBITaxon,9606,CS19,In situ hybridisation,,NCBITaxon,NM_033131,,nt 1427 - nt 1851,ENSG00000154342,WNT3A,"HDBR_WNT3A_ISH/459,1,embryo,CS19,125_2014-10-08 13_31_03.scn",Original experimental image,Brightfield,,NBT/BCIP,Brain (strong)
HDBR_WNT3A_ISH,"459,1,embryo,CS19,127_2014-10-08 13_36_08.scn",HuDSeN:808,"Embryo 459, slide 127",Homo sapiens,NCBITaxon,9606,CS19,In situ hybridisation,,NCBITaxon,NM_033131,,nt 1427 - nt 1851,ENSG00000154342,WNT3A,"HDBR_WNT3A_ISH/459,1,embryo,CS19,127_2014-10-08 13_36_08.scn",Original experimental image,Brightfield,,NBT/BCIP,Brain (strong)
HDBR_WNT3A_ISH,"459,1,embryo,CS19,130_2014-10-09 12_04_15.scn",HuDSeN:808,"Embryo 459, slide 130",Homo sapiens,NCBITaxon,9606,CS19,In situ hybridisation,,NCBITaxon,NM_033131,,nt 1427 - nt 1851,ENSG00000154342,WNT3A,"HDBR_WNT3A_ISH/459,1,embryo,CS19,130_2014-10-09 12_04_15.scn",Original experimental image,Brightfield,,NBT/BCIP,Brain (strong)
HDBR_WNT3A_ISH,"459,1,embryo,CS19,139_2014-10-08 14_00_57.scn",HuDSeN:808,"Embryo 459, slide 139",Homo sapiens,NCBITaxon,9606,CS19,In situ hybridisation,,NCBITaxon,NM_033131,,nt 1427 - nt 1851,ENSG00000154342,WNT3A,"HDBR_WNT3A_ISH/459,1,embryo,CS19,139_2014-10-08 14_00_57.scn",Original experimental image,Brightfield,,NBT/BCIP,Brain (strong)
HDBR_WNT3A_ISH,"459,1,embryo,CS19,145_2014-10-08 13_59_52.scn",HuDSeN:808,"Embryo 459, slide 145",Homo sapiens,NCBITaxon,9606,CS19,In situ hybridisation,,NCBITaxon,NM_033131,,nt 1427 - nt 1851,ENSG00000154342,WNT3A,"HDBR_WNT3A_ISH/459,1,embryo,CS19,145_2014-10-08 13_59_52.scn",Original experimental image,Brightfield,,NBT/BCIP,Brain (strong)
HDBR_WNT3A_ISH,"459,1,embryo,CS19,148_2014-10-08 13_59_50.scn",HuDSeN:808,"Embryo 459, slide 148",Homo sapiens,NCBITaxon,9606,CS19,In situ hybridisation,,NCBITaxon,NM_033131,,nt 1427 - nt 1851,ENSG00000154342,WNT3A,"HDBR_WNT3A_ISH/459,1,embryo,CS19,148_2014-10-08 13_59_50.scn",Original experimental image,Brightfield,,NBT/BCIP,Brain (strong)
HDBR_WNT3A_ISH,"459,1,embryo,CS19,163_2014-10-08 14_30_21.scn",HuDSeN:808,"Embryo 459, slide 163",Homo sapiens,NCBITaxon,9606,CS19,In situ hybridisation,,NCBITaxon,NM_033131,,nt 1427 - nt 1851,ENSG00000154342,WNT3A,"HDBR_WNT3A_ISH/459,1,embryo,CS19,163_2014-10-08 14_30_21.scn",Original experimental image,Brightfield,,NBT/BCIP,Brain (strong)
HDBR_WNT3A_ISH,"459,1,embryo,CS19,165_2014-10-08 14_30_21.scn",HuDSeN:808,"Embryo 459, slide 165",Homo sapiens,NCBITaxon,9606,CS19,In situ hybridisation,,NCBITaxon,NM_033131,,nt 1427 - nt 1851,ENSG00000154342,WNT3A,"HDBR_WNT3A_ISH/459,1,embryo,CS19,165_2014-10-08 14_30_21.scn",Original experimental image,Brightfield,,NBT/BCIP,Brain (strong)
HDBR_WNT3A_ISH,"459,1,embryo,CS19,169_2014-10-08 14_39_42.scn",HuDSeN:808,"Embryo 459, slide 169",Homo sapiens,NCBITaxon,9606,CS19,In situ hybridisation,,NCBITaxon,NM_033131,,nt 1427 - nt 1851,ENSG00000154342,WNT3A,"HDBR_WNT3A_ISH/459,1,embryo,CS19,169_2014-10-08 14_39_42.scn",Original experimental image,Brightfield,,NBT/BCIP,Brain (strong)
HDBR_WNT3A_ISH,"459,1,embryo,CS19,186_2014-10-08 14_57_52.scn",HuDSeN:808,"Embryo 459, slide 186",Homo sapiens,NCBITaxon,9606,CS19,In situ hybridisation,,NCBITaxon,NM_033131,,nt 1427 - nt 1851,ENSG00000154342,WNT3A,"HDBR_WNT3A_ISH/459,1,embryo,CS19,186_2014-10-08 14_57_52.scn",Original experimental image,Brightfield,,NBT/BCIP,Brain (strong)
HDBR_WNT3A_ISH,"508,1,brain,CS20,158_2014-10-08 15_58_00.scn", HuDSeN:816,"Embryo 508, slide 158",Homo sapiens,NCBITaxon,9606,CS20,In situ hybridisation,,NCBITaxon,NM_033131,,nt 1427 - nt 1851,ENSG00000154342,WNT3A,"HDBR_WNT3A_ISH/508,1,brain,CS20,158_2014-10-08 15_58_00.scn",Original experimental image,Brightfield,,NBT/BCIP,Brain (strong)
HDBR_WNT3A_ISH,"545,1,embryo,CS19,134_2014-10-08 14_56_40.scn",HuDSeN:808,"Embryo 545, slide 134",Homo sapiens,NCBITaxon,9606,CS19,In situ hybridisation,,NCBITaxon,NM_033131,,nt 1427 - nt 1851,ENSG00000154342,WNT3A,"HDBR_WNT3A_ISH/545,1,embryo,CS19,134_2014-10-08 14_56_40.scn",Original experimental image,Brightfield,,NBT/BCIP,Brain (strong)
HDBR_WNT3A_ISH,"545,1,embryo,CS19,135_2014-10-08 14_56_39.scn",HuDSeN:808,"Embryo 545, slide 135",Homo sapiens,NCBITaxon,9606,CS19,In situ hybridisation,,NCBITaxon,NM_033131,,nt 1427 - nt 1851,ENSG00000154342,WNT3A,"HDBR_WNT3A_ISH/545,1,embryo,CS19,135_2014-10-08 14_56_39.scn",Original experimental image,Brightfield,,NBT/BCIP,Brain (strong)
HDBR_WWTR1_IHC,"13152,3,head,CS13,42_2019-12-06 13_00_04.scn",HuDSeN:1215,"Embryo 13152, slide 42",Homo sapiens,NCBITaxon,9606,CS13,Immunohistochemistry,WWTR1,NCBITaxon,NM_015472,Atlas Antibodies HPA007415,,ENSG00000018408,WWTR1,"HDBR_WWTR1_IHC/13152,3,head,CS13,42_2019-12-06 13_00_04.scn",Original experimental image,Brightfield,,DAB,Nuclei in all tissues (strong)
HDBR_WWTR1_IHC,"13152,3,head,CS13,46_2019-12-06 12_59_47.scn",HuDSeN:1215,"Embryo 13152, slide 46",Homo sapiens,NCBITaxon,9606,CS13,Immunohistochemistry,WWTR1,NCBITaxon,NM_015472,Atlas Antibodies HPA007415,,ENSG00000018408,WWTR1,"HDBR_WWTR1_IHC/13152,3,head,CS13,46_2019-12-06 12_59_47.scn",Original experimental image,Brightfield,,DAB,Nuclei in all tissues (strong)
HDBR_WWTR1_IHC,"1571,1,Whole Sagittal,CS13,45_2019-12-06 13_05_00.scn",HuDSeN:1215,"Embryo 1571, slide 46",Homo sapiens,NCBITaxon,9606,CS13,Immunohistochemistry,WWTR1,NCBITaxon,NM_015472,Atlas Antibodies HPA007415,,ENSG00000018408,WWTR1,"HDBR_WWTR1_IHC/1571,1,Whole Sagittal,CS13,45_2019-12-06 13_05_00.scn",Original experimental image,Brightfield,,DAB,Nuclei in all tissues (strong)
HDBR_WWTR1_IHC,"1571,1,Whole Sagittal,CS13,51_2019-12-06 13_04_36.scn",HuDSeN:1215,"Embryo 1571, slide 51",Homo sapiens,NCBITaxon,9606,CS13,Immunohistochemistry,WWTR1,NCBITaxon,NM_015472,Atlas Antibodies HPA007415,,ENSG00000018408,WWTR1,"HDBR_WWTR1_IHC/1571,1,Whole Sagittal,CS13,51_2019-12-06 13_04_36.scn",Original experimental image,Brightfield,,DAB,Nuclei in all tissues (strong)
HDBR_WWTR1_IHC,"563,1,embryo,CS18,52_2019-12-06 13_23_29.scn",HuDSeN:1215,"Embryo 563, slide 52",Homo sapiens,NCBITaxon,9606,CS18,Immunohistochemistry,WWTR1,NCBITaxon,NM_015472,Atlas Antibodies HPA007415,,ENSG00000018408,WWTR1,"HDBR_WWTR1_IHC/563,1,embryo,CS18,52_2019-12-06 13_23_29.scn",Original experimental image,Brightfield,,DAB,Nuclei in all tissues (strong)
HDBR_WWTR1_IHC,"563,1,embryo,CS18,57_2019-12-06 13_18_19.scn",HuDSeN:1215,"Embryo 563, slide 57",Homo sapiens,NCBITaxon,9606,CS18,Immunohistochemistry,WWTR1,NCBITaxon,NM_015472,Atlas Antibodies HPA007415,,ENSG00000018408,WWTR1,"HDBR_WWTR1_IHC/563,1,embryo,CS18,57_2019-12-06 13_18_19.scn",Original experimental image,Brightfield,,DAB,Nuclei in all tissues (strong)
HDBR_WWTR1_IHC,"737,1,Embryo,CS14,10_2019-12-06 13_04_04.scn",HuDSeN:1215,"Embryo 737, slide 10",Homo sapiens,NCBITaxon,9606,CS14,Immunohistochemistry,WWTR1,NCBITaxon,NM_015472,Atlas Antibodies HPA007415,,ENSG00000018408,WWTR1,"HDBR_WWTR1_IHC/737,1,Embryo,CS14,10_2019-12-06 13_04_04.scn",Original experimental image,Brightfield,,DAB,Nuclei in all tissues (strong)
HDBR_WWTR1_IHC,"737,1,Embryo,CS14,33_2019-12-06 13_02_48.scn",HuDSeN:1215,"Embryo 737, slide 33",Homo sapiens,NCBITaxon,9606,CS14,Immunohistochemistry,WWTR1,NCBITaxon,NM_015472,Atlas Antibodies HPA007415,,ENSG00000018408,WWTR1,"HDBR_WWTR1_IHC/737,1,Embryo,CS14,33_2019-12-06 13_02_48.scn",Original experimental image,Brightfield,,DAB,Nuclei in all tissues (strong)
HDBR_WWTR1_IHC,"777,1,CS21,Embryo,21_2019-12-06 13_13_10.scn",HuDSeN:1215,"Embryo 777, slide 21",Homo sapiens,NCBITaxon,9606,CS21,Immunohistochemistry,WWTR1,NCBITaxon,NM_015472,Atlas Antibodies HPA007415,,ENSG00000018408,WWTR1,"HDBR_WWTR1_IHC/777,1,CS21,Embryo,21_2019-12-06 13_13_10.scn",Original experimental image,Brightfield,,DAB,Nuclei in all tissues (strong)
HDBR_WWTR1_IHC,"777,1,CS21,Embryo,46_2019-12-06 13_34_59.scn",HuDSeN:1215,"Embryo 777, slide 46",Homo sapiens,NCBITaxon,9606,CS21,Immunohistochemistry,WWTR1,NCBITaxon,NM_015472,Atlas Antibodies HPA007415,,ENSG00000018408,WWTR1,"HDBR_WWTR1_IHC/777,1,CS21,Embryo,46_2019-12-06 13_34_59.scn",Original experimental image,Brightfield,,DAB,Nuclei in all tissues (strong)
HDBR_YAP1_IHC,"13152,3,head,CS13,41_2019-12-06 12_54_48.scn",HuDSeN:1216,"Embryo 13152, slide 41",Homo sapiens,NCBITaxon,9606,CS13,Immunohistochemistry,YAP1,NCBITaxon,NM_006106,Cell Signalling D8H1X,,ENSG00000137693,YAP1,"HDBR_YAP1_IHC/13152,3,head,CS13,41_2019-12-06 12_54_48.scn",Original experimental image,Brightfield,,DAB,Nuclei in all tissues (strong)
HDBR_YAP1_IHC,"13152,3,head,CS13,43_2019-12-06 12_54_26.scn",HuDSeN:1216,"Embryo 13152, slide 43",Homo sapiens,NCBITaxon,9606,CS13,Immunohistochemistry,YAP1,NCBITaxon,NM_006106,Cell Signalling D8H1X,,ENSG00000137693,YAP1,"HDBR_YAP1_IHC/13152,3,head,CS13,43_2019-12-06 12_54_26.scn",Original experimental image,Brightfield,,DAB,Nuclei in all tissues (strong)
HDBR_YAP1_IHC,"1571,1,Whole Sagittal,CS13,44_2019-12-06 12_54_12.scn",HuDSeN:1216,"Embryo 1571, slide 43",Homo sapiens,NCBITaxon,9606,CS13,Immunohistochemistry,YAP1,NCBITaxon,NM_006106,Cell Signalling D8H1X,,ENSG00000137693,YAP1,"HDBR_YAP1_IHC/1571,1,Whole Sagittal,CS13,44_2019-12-06 12_54_12.scn",Original experimental image,Brightfield,,DAB,Nuclei in all tissues (strong)
HDBR_YAP1_IHC,"563,1,embryo,CS18,51_2019-12-06 12_56_02.scn",HuDSeN:1216,"Embryo 563, slide 51",Homo sapiens,NCBITaxon,9606,CS18,Immunohistochemistry,YAP1,NCBITaxon,NM_006106,Cell Signalling D8H1X,,ENSG00000137693,YAP1,"HDBR_YAP1_IHC/563,1,embryo,CS18,51_2019-12-06 12_56_02.scn",Original experimental image,Brightfield,,DAB,Nuclei in all tissues (strong)
HDBR_YAP1_IHC,"737,1,Embryo,CS14,11_2019-12-06 12_58_56.scn",HuDSeN:1216,"Embryo 737, slide 11",Homo sapiens,NCBITaxon,9606,CS14,Immunohistochemistry,YAP1,NCBITaxon,NM_006106,Cell Signalling D8H1X,,ENSG00000137693,YAP1,"HDBR_YAP1_IHC/737,1,Embryo,CS14,11_2019-12-06 12_58_56.scn",Original experimental image,Brightfield,,DAB,Nuclei in all tissues (strong)
HDBR_YAP1_IHC,"737,1,Embryo,CS14,9_2019-12-06 12_59_15.scn",HuDSeN:1216,"Embryo 737, slide 9",Homo sapiens,NCBITaxon,9606,CS14,Immunohistochemistry,YAP1,NCBITaxon,NM_006106,Cell Signalling D8H1X,,ENSG00000137693,YAP1,"HDBR_YAP1_IHC/737,1,Embryo,CS14,9_2019-12-06 12_59_15.scn",Original experimental image,Brightfield,,DAB,Nuclei in all tissues (strong)
HDBR_YAP1_IHC,"777,1,CS21,Embryo,20_2019-12-06 13_01_48.scn",HuDSeN:1216,"Embryo 777, slide 20",Homo sapiens,NCBITaxon,9606,CS21,Immunohistochemistry,YAP1,NCBITaxon,NM_006106,Cell Signalling D8H1X,,ENSG00000137693,YAP1,"HDBR_YAP1_IHC/777,1,CS21,Embryo,20_2019-12-06 13_01_48.scn",Original experimental image,Brightfield,,DAB,Nuclei in all tissues (strong)
HDBR_YAP1_IHC,"777,1,CS21,Embryo,45_2019-12-06 13_00_56.scn",HuDSeN:1216,"Embryo 777, slide 45",Homo sapiens,NCBITaxon,9606,CS21,Immunohistochemistry,YAP1,NCBITaxon,NM_006106,Cell Signalling D8H1X,,ENSG00000137693,YAP1,"HDBR_YAP1_IHC/777,1,CS21,Embryo,45_2019-12-06 13_00_56.scn",Original experimental image,Brightfield,,DAB,Nuclei in all tissues (strong)
HDBR_YAP1_IHC,ImageCollection_0000002459_2019-12-06 12_53_48.scn,HuDSeN:1216,"Embryo 1571, slide 46",Homo sapiens,NCBITaxon,9606,CS13,Immunohistochemistry,YAP1,NCBITaxon,NM_006106,Cell Signalling D8H1X,,ENSG00000137693,YAP1,HDBR_YAP1_IHC/ImageCollection_0000002459_2019-12-06 12_53_48.scn,Original experimental image,Brightfield,,DAB,Nuclei in all tissues (strong)
HDBR_YAP1_IHC,ImageCollection_0000002463_2019-12-06 12_55_10.scn,HuDSeN:1216,"Embryo 563, slide 53",Homo sapiens,NCBITaxon,9606,CS18,Immunohistochemistry,YAP1,NCBITaxon,NM_006106,Cell Signalling D8H1X,,ENSG00000137693,YAP1,HDBR_YAP1_IHC/ImageCollection_0000002463_2019-12-06 12_55_10.scn,Original experimental image,Brightfield,,DAB,Nuclei in all tissues (strong)